2026-10-07T11:07:56+00:00 cell ec k=4: 1330 structures (T = 18.04 d)
2026-10-07T11:07:56+00:00 total to run: 665 (shard 0/2)
2026-10-07T11:07:57+00:00 [1/665] k4|LEuropa>Callisto/0s|LCallisto>Europa/0s: 6 zeros 0 pass (0.5s) totals zeros=6 pass=0 eta 5.5 min
2026-10-07T11:07:57+00:00 [2/665] k4|LEuropa>Callisto/0s|LCallisto>Europa/1h: 3 zeros 0 pass (0.5s) totals zeros=9 pass=0 eta 5.4 min
2026-10-07T11:07:57+00:00 [3/665] k4|LEuropa>Callisto/0s|LCallisto>Europa/2h: 2 zeros 0 pass (0.1s) totals zeros=11 pass=0 eta 4.1 min
2026-10-07T11:07:57+00:00 [4/665] k4|LEuropa>Callisto/0s|RCallisto/1:2|LCallisto>Europa/0s: 2 zeros 0 pass (0.1s) totals zeros=13 pass=0 eta 3.5 min
2026-10-07T11:07:58+00:00 [5/665] k4|LEuropa>Callisto/0s|HCallisto/1,0,p|LCallisto>Europa/1l: 0 zeros 0 pass (0.1s) totals zeros=13 pass=0 eta 2.9 min
2026-10-07T11:07:58+00:00 [6/665] k4|LEuropa>Callisto/0s|HCallisto/1,0,p|LCallisto>Europa/2l: 0 zeros 0 pass (0.1s) totals zeros=13 pass=0 eta 2.6 min
2026-10-07T11:07:58+00:00 [7/665] k4|LEuropa>Callisto/0s|HCallisto/1,0,a|LCallisto>Europa/0s: 6 zeros 0 pass (0.4s) totals zeros=19 pass=0 eta 2.8 min
2026-10-07T11:07:58+00:00 [8/665] k4|LEuropa>Callisto/0s|HCallisto/1,0,a|LCallisto>Europa/1h: 0 zeros 0 pass (0.1s) totals zeros=19 pass=0 eta 2.6 min
2026-10-07T11:07:58+00:00 [9/665] k4|LEuropa>Callisto/0s|HCallisto/1,0,a|LCallisto>Europa/2h: 0 zeros 0 pass (0.1s) totals zeros=19 pass=0 eta 2.4 min
2026-10-07T11:07:58+00:00 [10/665] k4|LEuropa>Callisto/0s|LCallisto>Callisto/1l|LCallisto>Europa/1l: 0 zeros 0 pass (0.3s) totals zeros=19 pass=0 eta 2.5 min
2026-10-07T11:07:59+00:00 [11/665] k4|LEuropa>Callisto/0s|LCallisto>Callisto/1l|LCallisto>Europa/2l: 0 zeros 0 pass (0.3s) totals zeros=19 pass=0 eta 2.5 min
2026-10-07T11:07:59+00:00 [12/665] k4|LEuropa>Callisto/0s|LCallisto>Callisto/1h|LCallisto>Europa/0s: 0 zeros 0 pass (0.5s) totals zeros=19 pass=0 eta 2.7 min
2026-10-07T11:08:00+00:00 [13/665] k4|LEuropa>Callisto/0s|LCallisto>Callisto/1h|LCallisto>Europa/1h: 0 zeros 0 pass (0.3s) totals zeros=19 pass=0 eta 2.7 min
2026-10-07T11:08:00+00:00 [14/665] k4|LEuropa>Callisto/0s|LCallisto>Callisto/1h|LCallisto>Europa/2h: 0 zeros 0 pass (0.3s) totals zeros=19 pass=0 eta 2.8 min
2026-10-07T11:08:00+00:00 [15/665] k4|LEuropa>Callisto/0s|LCallisto>Callisto/2h|LCallisto>Europa/0s: 0 zeros 0 pass (0.4s) totals zeros=19 pass=0 eta 2.8 min
2026-10-07T11:08:00+00:00 [16/665] k4|LEuropa>Callisto/1l|LCallisto>Europa/1l: 0 zeros 0 pass (0.1s) totals zeros=19 pass=0 eta 2.7 min
2026-10-07T11:08:00+00:00 [17/665] k4|LEuropa>Callisto/1l|LCallisto>Europa/2l: 0 zeros 0 pass (0.1s) totals zeros=19 pass=0 eta 2.6 min
2026-10-07T11:08:00+00:00 [18/665] k4|LEuropa>Callisto/1l|HCallisto/1,0,p|LCallisto>Europa/0s: 0 zeros 0 pass (0.1s) totals zeros=19 pass=0 eta 2.5 min
2026-10-07T11:08:00+00:00 [19/665] k4|LEuropa>Callisto/1l|HCallisto/1,0,p|LCallisto>Europa/1h: 0 zeros 0 pass (0.1s) totals zeros=19 pass=0 eta 2.4 min
2026-10-07T11:08:00+00:00 [20/665] k4|LEuropa>Callisto/1l|HCallisto/1,0,p|LCallisto>Europa/2h: 0 zeros 0 pass (0.0s) totals zeros=19 pass=0 eta 2.3 min
2026-10-07T11:08:00+00:00 [21/665] k4|LEuropa>Callisto/1l|HCallisto/1,0,a|LCallisto>Europa/1l: 0 zeros 0 pass (0.0s) totals zeros=19 pass=0 eta 2.2 min
2026-10-07T11:08:01+00:00 [22/665] k4|LEuropa>Callisto/1l|HCallisto/1,0,a|LCallisto>Europa/2l: 0 zeros 0 pass (0.0s) totals zeros=19 pass=0 eta 2.1 min
2026-10-07T11:08:01+00:00 [23/665] k4|LEuropa>Callisto/1l|LCallisto>Callisto/1l|LCallisto>Europa/0s: 0 zeros 0 pass (0.2s) totals zeros=19 pass=0 eta 2.1 min
2026-10-07T11:08:01+00:00 [24/665] k4|LEuropa>Callisto/1l|LCallisto>Callisto/1l|LCallisto>Europa/1h: 0 zeros 0 pass (0.2s) totals zeros=19 pass=0 eta 2.1 min
2026-10-07T11:08:01+00:00 [25/665] k4|LEuropa>Callisto/1l|LCallisto>Callisto/1l|LCallisto>Europa/2h: 0 zeros 0 pass (0.2s) totals zeros=19 pass=0 eta 2.1 min
2026-10-07T11:08:01+00:00 [26/665] k4|LEuropa>Callisto/1l|LCallisto>Callisto/1h|LCallisto>Europa/1l: 0 zeros 0 pass (0.2s) totals zeros=19 pass=0 eta 2.1 min
2026-10-07T11:08:02+00:00 [27/665] k4|LEuropa>Callisto/1l|LCallisto>Callisto/1h|LCallisto>Europa/2l: 0 zeros 0 pass (0.2s) totals zeros=19 pass=0 eta 2.2 min
2026-10-07T11:08:02+00:00 [28/665] k4|LEuropa>Callisto/1h|LCallisto>Europa/0s: 3 zeros 0 pass (0.5s) totals zeros=22 pass=0 eta 2.2 min
2026-10-07T11:08:02+00:00 [29/665] k4|LEuropa>Callisto/1h|LCallisto>Europa/1h: 0 zeros 0 pass (0.1s) totals zeros=22 pass=0 eta 2.2 min
2026-10-07T11:08:02+00:00 [30/665] k4|LEuropa>Callisto/1h|LCallisto>Europa/2h: 0 zeros 0 pass (0.0s) totals zeros=22 pass=0 eta 2.1 min
2026-10-07T11:08:02+00:00 [31/665] k4|LEuropa>Callisto/1h|HCallisto/1,0,p|LCallisto>Europa/1l: 0 zeros 0 pass (0.0s) totals zeros=22 pass=0 eta 2.1 min
2026-10-07T11:08:02+00:00 [32/665] k4|LEuropa>Callisto/1h|HCallisto/1,0,p|LCallisto>Europa/2l: 0 zeros 0 pass (0.0s) totals zeros=22 pass=0 eta 2.0 min
2026-10-07T11:08:02+00:00 [33/665] k4|LEuropa>Callisto/1h|HCallisto/1,0,a|LCallisto>Europa/0s: 0 zeros 0 pass (0.0s) totals zeros=22 pass=0 eta 2.0 min
2026-10-07T11:08:02+00:00 [34/665] k4|LEuropa>Callisto/1h|HCallisto/1,0,a|LCallisto>Europa/1h: 0 zeros 0 pass (0.0s) totals zeros=22 pass=0 eta 1.9 min
2026-10-07T11:08:02+00:00 [35/665] k4|LEuropa>Callisto/1h|HCallisto/1,0,a|LCallisto>Europa/2h: 0 zeros 0 pass (0.0s) totals zeros=22 pass=0 eta 1.9 min
2026-10-07T11:08:03+00:00 [36/665] k4|LEuropa>Callisto/1h|LCallisto>Callisto/1l|LCallisto>Europa/1l: 0 zeros 0 pass (0.2s) totals zeros=22 pass=0 eta 1.9 min
2026-10-07T11:08:03+00:00 [37/665] k4|LEuropa>Callisto/1h|LCallisto>Callisto/1l|LCallisto>Europa/2l: 0 zeros 0 pass (0.2s) totals zeros=22 pass=0 eta 1.9 min
2026-10-07T11:08:03+00:00 [38/665] k4|LEuropa>Callisto/1h|LCallisto>Callisto/1h|LCallisto>Europa/0s: 0 zeros 0 pass (0.2s) totals zeros=22 pass=0 eta 1.9 min
2026-10-07T11:08:03+00:00 [39/665] k4|LEuropa>Callisto/1h|LCallisto>Callisto/1h|LCallisto>Europa/1h: 0 zeros 0 pass (0.2s) totals zeros=22 pass=0 eta 1.9 min
2026-10-07T11:08:04+00:00 [40/665] k4|LEuropa>Callisto/1h|LCallisto>Callisto/1h|LCallisto>Europa/2h: 0 zeros 0 pass (0.2s) totals zeros=22 pass=0 eta 1.9 min
2026-10-07T11:08:04+00:00 [41/665] k4|LEuropa>Callisto/2l|LCallisto>Europa/1l: 0 zeros 0 pass (0.1s) totals zeros=22 pass=0 eta 1.9 min
2026-10-07T11:08:04+00:00 [42/665] k4|LEuropa>Callisto/2l|LCallisto>Europa/2l: 0 zeros 0 pass (0.1s) totals zeros=22 pass=0 eta 1.8 min
2026-10-07T11:08:04+00:00 [43/665] k4|LEuropa>Callisto/2l|HCallisto/1,0,p|LCallisto>Europa/0s: 0 zeros 0 pass (0.0s) totals zeros=22 pass=0 eta 1.8 min
2026-10-07T11:08:04+00:00 [44/665] k4|LEuropa>Callisto/2l|HCallisto/1,0,p|LCallisto>Europa/1h: 0 zeros 0 pass (0.1s) totals zeros=22 pass=0 eta 1.8 min
2026-10-07T11:08:04+00:00 [45/665] k4|LEuropa>Callisto/2l|HCallisto/1,0,p|LCallisto>Europa/2h: 0 zeros 0 pass (0.1s) totals zeros=22 pass=0 eta 1.8 min
2026-10-07T11:08:04+00:00 [46/665] k4|LEuropa>Callisto/2l|HCallisto/1,0,a|LCallisto>Europa/1l: 0 zeros 0 pass (0.1s) totals zeros=22 pass=0 eta 1.7 min
2026-10-07T11:08:04+00:00 [47/665] k4|LEuropa>Callisto/2l|HCallisto/1,0,a|LCallisto>Europa/2l: 0 zeros 0 pass (0.1s) totals zeros=22 pass=0 eta 1.7 min
2026-10-07T11:08:04+00:00 [48/665] k4|LEuropa>Callisto/2l|LCallisto>Callisto/1l|LCallisto>Europa/0s: 0 zeros 0 pass (0.3s) totals zeros=22 pass=0 eta 1.7 min
2026-10-07T11:08:05+00:00 [49/665] k4|LEuropa>Callisto/2l|LCallisto>Callisto/1l|LCallisto>Europa/1h: 0 zeros 0 pass (0.3s) totals zeros=22 pass=0 eta 1.7 min
2026-10-07T11:08:05+00:00 [50/665] k4|LEuropa>Callisto/2l|LCallisto>Callisto/1l|LCallisto>Europa/2h: 0 zeros 0 pass (0.3s) totals zeros=22 pass=0 eta 1.8 min
2026-10-07T11:08:05+00:00 [51/665] k4|LEuropa>Callisto/2l|LCallisto>Callisto/1h|LCallisto>Europa/1l: 0 zeros 0 pass (0.3s) totals zeros=22 pass=0 eta 1.8 min
2026-10-07T11:08:05+00:00 [52/665] k4|LEuropa>Callisto/2l|LCallisto>Callisto/1h|LCallisto>Europa/2l: 0 zeros 0 pass (0.2s) totals zeros=22 pass=0 eta 1.8 min
2026-10-07T11:08:05+00:00 [53/665] k4|LEuropa>Callisto/2h|LCallisto>Europa/0s: 2 zeros 0 pass (0.1s) totals zeros=24 pass=0 eta 1.8 min
2026-10-07T11:08:06+00:00 [54/665] k4|LEuropa>Callisto/2h|LCallisto>Europa/1h: 0 zeros 0 pass (0.0s) totals zeros=24 pass=0 eta 1.7 min
2026-10-07T11:08:06+00:00 [55/665] k4|LEuropa>Callisto/2h|LCallisto>Europa/2h: 0 zeros 0 pass (0.1s) totals zeros=24 pass=0 eta 1.7 min
2026-10-07T11:08:06+00:00 [56/665] k4|LEuropa>Callisto/2h|HCallisto/1,0,p|LCallisto>Europa/1l: 0 zeros 0 pass (0.0s) totals zeros=24 pass=0 eta 1.7 min
2026-10-07T11:08:06+00:00 [57/665] k4|LEuropa>Callisto/2h|HCallisto/1,0,p|LCallisto>Europa/2l: 0 zeros 0 pass (0.0s) totals zeros=24 pass=0 eta 1.7 min
2026-10-07T11:08:06+00:00 [58/665] k4|LEuropa>Callisto/2h|HCallisto/1,0,a|LCallisto>Europa/0s: 0 zeros 0 pass (0.0s) totals zeros=24 pass=0 eta 1.6 min
2026-10-07T11:08:06+00:00 [59/665] k4|LEuropa>Callisto/2h|HCallisto/1,0,a|LCallisto>Europa/1h: 0 zeros 0 pass (0.0s) totals zeros=24 pass=0 eta 1.6 min
2026-10-07T11:08:06+00:00 [60/665] k4|LEuropa>Callisto/2h|HCallisto/1,0,a|LCallisto>Europa/2h: 0 zeros 0 pass (0.0s) totals zeros=24 pass=0 eta 1.6 min
2026-10-07T11:08:06+00:00 [61/665] k4|LEuropa>Callisto/2h|LCallisto>Callisto/1l|LCallisto>Europa/1l: 0 zeros 0 pass (0.3s) totals zeros=24 pass=0 eta 1.6 min
2026-10-07T11:08:06+00:00 [62/665] k4|LEuropa>Callisto/2h|LCallisto>Callisto/1l|LCallisto>Europa/2l: 0 zeros 0 pass (0.3s) totals zeros=24 pass=0 eta 1.6 min
2026-10-07T11:08:07+00:00 [63/665] k4|LEuropa>Callisto/2h|LCallisto>Callisto/1h|LCallisto>Europa/0s: 0 zeros 0 pass (0.2s) totals zeros=24 pass=0 eta 1.6 min
2026-10-07T11:08:07+00:00 [64/665] k4|LEuropa>Callisto/2h|LCallisto>Callisto/1h|LCallisto>Europa/1h: 0 zeros 0 pass (0.2s) totals zeros=24 pass=0 eta 1.6 min
2026-10-07T11:08:07+00:00 [65/665] k4|LEuropa>Callisto/2h|LCallisto>Callisto/1h|LCallisto>Europa/2h: 0 zeros 0 pass (0.3s) totals zeros=24 pass=0 eta 1.7 min
2026-10-07T11:08:07+00:00 [66/665] k4|REuropa/1:1|LEuropa>Callisto/0s|LCallisto>Europa/1l: 2 zeros 0 pass (0.5s) totals zeros=26 pass=0 eta 1.7 min
2026-10-07T11:08:08+00:00 [67/665] k4|REuropa/1:1|LEuropa>Callisto/0s|LCallisto>Europa/2l: 0 zeros 0 pass (0.1s) totals zeros=26 pass=0 eta 1.7 min
2026-10-07T11:08:08+00:00 [68/665] k4|REuropa/1:1|LEuropa>Callisto/0s|HCallisto/1,0,p|LCallisto>Europa/0s: 2 zeros 0 pass (0.2s) totals zeros=28 pass=0 eta 1.7 min
2026-10-07T11:08:08+00:00 [69/665] k4|REuropa/1:1|LEuropa>Callisto/0s|HCallisto/1,0,p|LCallisto>Europa/1h: 0 zeros 0 pass (0.1s) totals zeros=28 pass=0 eta 1.7 min
2026-10-07T11:08:08+00:00 [70/665] k4|REuropa/1:1|LEuropa>Callisto/0s|HCallisto/1,0,p|LCallisto>Europa/2h: 0 zeros 0 pass (0.1s) totals zeros=28 pass=0 eta 1.7 min
2026-10-07T11:08:08+00:00 [71/665] k4|REuropa/1:1|LEuropa>Callisto/0s|HCallisto/1,0,a|LCallisto>Europa/1l: 0 zeros 0 pass (0.0s) totals zeros=28 pass=0 eta 1.6 min
2026-10-07T11:08:08+00:00 [72/665] k4|REuropa/1:1|LEuropa>Callisto/0s|HCallisto/1,0,a|LCallisto>Europa/2l: 0 zeros 0 pass (0.1s) totals zeros=28 pass=0 eta 1.6 min
2026-10-07T11:08:08+00:00 [73/665] k4|REuropa/1:1|LEuropa>Callisto/0s|LCallisto>Callisto/1l|LCallisto>Europa/0s: 0 zeros 0 pass (0.2s) totals zeros=28 pass=0 eta 1.6 min
2026-10-07T11:08:09+00:00 [74/665] k4|REuropa/1:1|LEuropa>Callisto/0s|LCallisto>Callisto/1l|LCallisto>Europa/1h: 0 zeros 0 pass (0.3s) totals zeros=28 pass=0 eta 1.6 min
2026-10-07T11:08:09+00:00 [75/665] k4|REuropa/1:1|LEuropa>Callisto/0s|LCallisto>Callisto/1l|LCallisto>Europa/2h: 0 zeros 0 pass (0.3s) totals zeros=28 pass=0 eta 1.7 min
2026-10-07T11:08:09+00:00 [76/665] k4|REuropa/1:1|LEuropa>Callisto/0s|LCallisto>Callisto/1h|LCallisto>Europa/1l: 0 zeros 0 pass (0.3s) totals zeros=28 pass=0 eta 1.7 min
2026-10-07T11:08:09+00:00 [77/665] k4|REuropa/1:1|LEuropa>Callisto/0s|LCallisto>Callisto/1h|LCallisto>Europa/2l: 0 zeros 0 pass (0.2s) totals zeros=28 pass=0 eta 1.7 min
2026-10-07T11:08:10+00:00 [78/665] k4|REuropa/1:1|LEuropa>Callisto/1l|LCallisto>Europa/0s: 2 zeros 0 pass (0.4s) totals zeros=30 pass=0 eta 1.7 min
2026-10-07T11:08:10+00:00 [79/665] k4|REuropa/1:1|LEuropa>Callisto/1l|LCallisto>Europa/1h: 0 zeros 0 pass (0.0s) totals zeros=30 pass=0 eta 1.7 min
2026-10-07T11:08:10+00:00 [80/665] k4|REuropa/1:1|LEuropa>Callisto/1l|LCallisto>Europa/2h: 0 zeros 0 pass (0.1s) totals zeros=30 pass=0 eta 1.7 min
2026-10-07T11:08:10+00:00 [81/665] k4|REuropa/1:1|LEuropa>Callisto/1l|HCallisto/1,0,p|LCallisto>Europa/1l: 0 zeros 0 pass (0.0s) totals zeros=30 pass=0 eta 1.7 min
2026-10-07T11:08:10+00:00 [82/665] k4|REuropa/1:1|LEuropa>Callisto/1l|HCallisto/1,0,p|LCallisto>Europa/2l: 0 zeros 0 pass (0.0s) totals zeros=30 pass=0 eta 1.6 min
2026-10-07T11:08:10+00:00 [83/665] k4|REuropa/1:1|LEuropa>Callisto/1l|HCallisto/1,0,a|LCallisto>Europa/0s: 0 zeros 0 pass (0.0s) totals zeros=30 pass=0 eta 1.6 min
2026-10-07T11:08:10+00:00 [84/665] k4|REuropa/1:1|LEuropa>Callisto/1l|HCallisto/1,0,a|LCallisto>Europa/1h: 0 zeros 0 pass (0.0s) totals zeros=30 pass=0 eta 1.6 min
2026-10-07T11:08:10+00:00 [85/665] k4|REuropa/1:1|LEuropa>Callisto/1l|HCallisto/1,0,a|LCallisto>Europa/2h: 0 zeros 0 pass (0.0s) totals zeros=30 pass=0 eta 1.6 min
2026-10-07T11:08:10+00:00 [86/665] k4|REuropa/1:1|LEuropa>Callisto/1l|LCallisto>Callisto/1l|LCallisto>Europa/1l: 0 zeros 0 pass (0.2s) totals zeros=30 pass=0 eta 1.6 min
2026-10-07T11:08:11+00:00 [87/665] k4|REuropa/1:1|LEuropa>Callisto/1l|LCallisto>Callisto/1l|LCallisto>Europa/2l: 0 zeros 0 pass (0.2s) totals zeros=30 pass=0 eta 1.6 min
2026-10-07T11:08:11+00:00 [88/665] k4|REuropa/1:1|LEuropa>Callisto/1l|LCallisto>Callisto/1h|LCallisto>Europa/0s: 0 zeros 0 pass (0.2s) totals zeros=30 pass=0 eta 1.6 min
2026-10-07T11:08:11+00:00 [89/665] k4|REuropa/1:1|LEuropa>Callisto/1l|LCallisto>Callisto/1h|LCallisto>Europa/1h: 0 zeros 0 pass (0.2s) totals zeros=30 pass=0 eta 1.6 min
2026-10-07T11:08:11+00:00 [90/665] k4|REuropa/1:1|LEuropa>Callisto/1l|LCallisto>Callisto/1h|LCallisto>Europa/2h: 0 zeros 0 pass (0.2s) totals zeros=30 pass=0 eta 1.6 min
2026-10-07T11:08:11+00:00 [91/665] k4|REuropa/1:1|LEuropa>Callisto/1h|LCallisto>Europa/1l: 0 zeros 0 pass (0.0s) totals zeros=30 pass=0 eta 1.6 min
2026-10-07T11:08:11+00:00 [92/665] k4|REuropa/1:1|LEuropa>Callisto/1h|LCallisto>Europa/2l: 0 zeros 0 pass (0.1s) totals zeros=30 pass=0 eta 1.6 min
2026-10-07T11:08:11+00:00 [93/665] k4|REuropa/1:1|LEuropa>Callisto/1h|HCallisto/1,0,p|LCallisto>Europa/0s: 0 zeros 0 pass (0.0s) totals zeros=30 pass=0 eta 1.5 min
2026-10-07T11:08:11+00:00 [94/665] k4|REuropa/1:1|LEuropa>Callisto/1h|HCallisto/1,0,p|LCallisto>Europa/1h: 0 zeros 0 pass (0.0s) totals zeros=30 pass=0 eta 1.5 min
2026-10-07T11:08:11+00:00 [95/665] k4|REuropa/1:1|LEuropa>Callisto/1h|HCallisto/1,0,p|LCallisto>Europa/2h: 0 zeros 0 pass (0.0s) totals zeros=30 pass=0 eta 1.5 min
2026-10-07T11:08:11+00:00 [96/665] k4|REuropa/1:1|LEuropa>Callisto/1h|HCallisto/1,0,a|LCallisto>Europa/1l: 0 zeros 0 pass (0.0s) totals zeros=30 pass=0 eta 1.5 min
2026-10-07T11:08:11+00:00 [97/665] k4|REuropa/1:1|LEuropa>Callisto/1h|HCallisto/1,0,a|LCallisto>Europa/2l: 0 zeros 0 pass (0.1s) totals zeros=30 pass=0 eta 1.5 min
2026-10-07T11:08:12+00:00 [98/665] k4|REuropa/1:1|LEuropa>Callisto/1h|LCallisto>Callisto/1l|LCallisto>Europa/0s: 0 zeros 0 pass (0.3s) totals zeros=30 pass=0 eta 1.5 min
2026-10-07T11:08:12+00:00 [99/665] k4|REuropa/1:1|LEuropa>Callisto/1h|LCallisto>Callisto/1l|LCallisto>Europa/1h: 0 zeros 0 pass (0.2s) totals zeros=30 pass=0 eta 1.5 min
2026-10-07T11:08:12+00:00 [100/665] k4|REuropa/1:1|LEuropa>Callisto/1h|LCallisto>Callisto/1l|LCallisto>Europa/2h: 0 zeros 0 pass (0.2s) totals zeros=30 pass=0 eta 1.5 min
2026-10-07T11:08:12+00:00 [101/665] k4|REuropa/1:1|LEuropa>Callisto/1h|LCallisto>Callisto/1h|LCallisto>Europa/1l: 0 zeros 0 pass (0.2s) totals zeros=30 pass=0 eta 1.5 min
2026-10-07T11:08:12+00:00 [102/665] k4|REuropa/1:1|LEuropa>Callisto/1h|LCallisto>Callisto/1h|LCallisto>Europa/2l: 0 zeros 0 pass (0.2s) totals zeros=30 pass=0 eta 1.5 min
2026-10-07T11:08:13+00:00 [103/665] k4|REuropa/1:1|LEuropa>Callisto/2l|LCallisto>Europa/0s: 0 zeros 0 pass (0.0s) totals zeros=30 pass=0 eta 1.5 min
2026-10-07T11:08:13+00:00 [104/665] k4|REuropa/1:1|LEuropa>Callisto/2l|LCallisto>Europa/1h: 0 zeros 0 pass (0.1s) totals zeros=30 pass=0 eta 1.5 min
2026-10-07T11:08:13+00:00 [105/665] k4|REuropa/1:1|LEuropa>Callisto/2l|LCallisto>Europa/2h: 0 zeros 0 pass (0.1s) totals zeros=30 pass=0 eta 1.5 min
2026-10-07T11:08:13+00:00 [106/665] k4|REuropa/1:1|LEuropa>Callisto/2l|HCallisto/1,0,p|LCallisto>Europa/1l: 0 zeros 0 pass (0.1s) totals zeros=30 pass=0 eta 1.4 min
2026-10-07T11:08:13+00:00 [107/665] k4|REuropa/1:1|LEuropa>Callisto/2l|HCallisto/1,0,a|LCallisto>Europa/0s: 0 zeros 0 pass (0.0s) totals zeros=30 pass=0 eta 1.4 min
2026-10-07T11:08:13+00:00 [108/665] k4|REuropa/1:1|LEuropa>Callisto/2l|HCallisto/1,0,a|LCallisto>Europa/1h: 0 zeros 0 pass (0.0s) totals zeros=30 pass=0 eta 1.4 min
2026-10-07T11:08:13+00:00 [109/665] k4|REuropa/1:1|LEuropa>Callisto/2l|LCallisto>Callisto/1l|LCallisto>Europa/1l: 0 zeros 0 pass (0.3s) totals zeros=30 pass=0 eta 1.4 min
2026-10-07T11:08:13+00:00 [110/665] k4|REuropa/1:1|LEuropa>Callisto/2l|LCallisto>Callisto/1h|LCallisto>Europa/0s: 0 zeros 0 pass (0.3s) totals zeros=30 pass=0 eta 1.4 min
2026-10-07T11:08:14+00:00 [111/665] k4|REuropa/1:1|LEuropa>Callisto/2l|LCallisto>Callisto/1h|LCallisto>Europa/1h: 0 zeros 0 pass (0.3s) totals zeros=30 pass=0 eta 1.4 min
2026-10-07T11:08:14+00:00 [112/665] k4|REuropa/1:1|LEuropa>Callisto/2h|LCallisto>Europa/1l: 0 zeros 0 pass (0.1s) totals zeros=30 pass=0 eta 1.4 min
2026-10-07T11:08:14+00:00 [113/665] k4|REuropa/1:1|LEuropa>Callisto/2h|LCallisto>Europa/2l: 0 zeros 0 pass (0.0s) totals zeros=30 pass=0 eta 1.4 min
2026-10-07T11:08:14+00:00 [114/665] k4|REuropa/1:1|LEuropa>Callisto/2h|HCallisto/1,0,p|LCallisto>Europa/0s: 0 zeros 0 pass (0.0s) totals zeros=30 pass=0 eta 1.4 min
2026-10-07T11:08:14+00:00 [115/665] k4|REuropa/1:1|LEuropa>Callisto/2h|HCallisto/1,0,p|LCallisto>Europa/1h: 0 zeros 0 pass (0.0s) totals zeros=30 pass=0 eta 1.4 min
2026-10-07T11:08:14+00:00 [116/665] k4|REuropa/1:1|LEuropa>Callisto/2h|HCallisto/1,0,a|LCallisto>Europa/1l: 0 zeros 0 pass (0.1s) totals zeros=30 pass=0 eta 1.4 min
2026-10-07T11:08:14+00:00 [117/665] k4|REuropa/1:1|LEuropa>Callisto/2h|LCallisto>Callisto/1l|LCallisto>Europa/0s: 0 zeros 0 pass (0.3s) totals zeros=30 pass=0 eta 1.4 min
2026-10-07T11:08:14+00:00 [118/665] k4|REuropa/1:1|LEuropa>Callisto/2h|LCallisto>Callisto/1l|LCallisto>Europa/1h: 0 zeros 0 pass (0.2s) totals zeros=30 pass=0 eta 1.4 min
2026-10-07T11:08:15+00:00 [119/665] k4|REuropa/1:1|LEuropa>Callisto/2h|LCallisto>Callisto/1h|LCallisto>Europa/1l: 0 zeros 0 pass (0.2s) totals zeros=30 pass=0 eta 1.4 min
2026-10-07T11:08:15+00:00 [120/665] k4|REuropa/2:1|LEuropa>Callisto/0s|LCallisto>Europa/0s: 4 zeros 0 pass (0.4s) totals zeros=34 pass=0 eta 1.4 min
2026-10-07T11:08:15+00:00 [121/665] k4|REuropa/2:1|LEuropa>Callisto/0s|LCallisto>Europa/1h: 1 zeros 0 pass (0.1s) totals zeros=35 pass=0 eta 1.4 min
2026-10-07T11:08:15+00:00 [122/665] k4|REuropa/2:1|LEuropa>Callisto/0s|LCallisto>Europa/2h: 0 zeros 0 pass (0.1s) totals zeros=35 pass=0 eta 1.4 min
2026-10-07T11:08:15+00:00 [123/665] k4|REuropa/2:1|LEuropa>Callisto/0s|HCallisto/1,0,p|LCallisto>Europa/1l: 0 zeros 0 pass (0.0s) totals zeros=35 pass=0 eta 1.4 min
2026-10-07T11:08:15+00:00 [124/665] k4|REuropa/2:1|LEuropa>Callisto/0s|HCallisto/1,0,a|LCallisto>Europa/0s: 4 zeros 0 pass (0.3s) totals zeros=39 pass=0 eta 1.4 min
2026-10-07T11:08:16+00:00 [125/665] k4|REuropa/2:1|LEuropa>Callisto/0s|HCallisto/1,0,a|LCallisto>Europa/1h: 0 zeros 0 pass (0.1s) totals zeros=39 pass=0 eta 1.4 min
2026-10-07T11:08:16+00:00 [126/665] k4|REuropa/2:1|LEuropa>Callisto/0s|LCallisto>Callisto/1l|LCallisto>Europa/1l: 0 zeros 0 pass (0.3s) totals zeros=39 pass=0 eta 1.4 min
2026-10-07T11:08:16+00:00 [127/665] k4|REuropa/2:1|LEuropa>Callisto/0s|LCallisto>Callisto/1h|LCallisto>Europa/0s: 0 zeros 0 pass (0.3s) totals zeros=39 pass=0 eta 1.4 min
2026-10-07T11:08:16+00:00 [128/665] k4|REuropa/2:1|LEuropa>Callisto/0s|LCallisto>Callisto/1h|LCallisto>Europa/1h: 0 zeros 0 pass (0.3s) totals zeros=39 pass=0 eta 1.4 min
2026-10-07T11:08:16+00:00 [129/665] k4|REuropa/2:1|LEuropa>Callisto/1l|LCallisto>Europa/1l: 0 zeros 0 pass (0.0s) totals zeros=39 pass=0 eta 1.4 min
2026-10-07T11:08:16+00:00 [130/665] k4|REuropa/2:1|LEuropa>Callisto/1l|LCallisto>Europa/2l: 0 zeros 0 pass (0.0s) totals zeros=39 pass=0 eta 1.4 min
2026-10-07T11:08:16+00:00 [131/665] k4|REuropa/2:1|LEuropa>Callisto/1l|HCallisto/1,0,p|LCallisto>Europa/0s: 0 zeros 0 pass (0.0s) totals zeros=39 pass=0 eta 1.4 min
2026-10-07T11:08:17+00:00 [132/665] k4|REuropa/2:1|LEuropa>Callisto/1l|LCallisto>Callisto/1l|LCallisto>Europa/0s: 0 zeros 0 pass (0.2s) totals zeros=39 pass=0 eta 1.4 min
2026-10-07T11:08:17+00:00 [133/665] k4|REuropa/2:1|LEuropa>Callisto/1h|LCallisto>Europa/0s: 1 zeros 0 pass (0.1s) totals zeros=40 pass=0 eta 1.4 min
2026-10-07T11:08:17+00:00 [134/665] k4|REuropa/2:1|LEuropa>Callisto/1h|LCallisto>Europa/1h: 0 zeros 0 pass (0.0s) totals zeros=40 pass=0 eta 1.4 min
2026-10-07T11:08:17+00:00 [135/665] k4|REuropa/2:1|LEuropa>Callisto/1h|LCallisto>Europa/2h: 0 zeros 0 pass (0.0s) totals zeros=40 pass=0 eta 1.3 min
2026-10-07T11:08:17+00:00 [136/665] k4|REuropa/2:1|LEuropa>Callisto/1h|HCallisto/1,0,a|LCallisto>Europa/0s: 0 zeros 0 pass (0.0s) totals zeros=40 pass=0 eta 1.3 min
2026-10-07T11:08:17+00:00 [137/665] k4|REuropa/2:1|LEuropa>Callisto/1h|LCallisto>Callisto/1h|LCallisto>Europa/0s: 0 zeros 0 pass (0.2s) totals zeros=40 pass=0 eta 1.3 min
2026-10-07T11:08:17+00:00 [138/665] k4|REuropa/2:1|LEuropa>Callisto/2l|LCallisto>Europa/1l: 0 zeros 0 pass (0.0s) totals zeros=40 pass=0 eta 1.3 min
2026-10-07T11:08:17+00:00 [139/665] k4|REuropa/2:1|LEuropa>Callisto/2l|LCallisto>Europa/2l: 0 zeros 0 pass (0.0s) totals zeros=40 pass=0 eta 1.3 min
2026-10-07T11:08:17+00:00 [140/665] k4|REuropa/2:1|LEuropa>Callisto/2h|LCallisto>Europa/0s: 0 zeros 0 pass (0.0s) totals zeros=40 pass=0 eta 1.3 min
2026-10-07T11:08:17+00:00 [141/665] k4|REuropa/2:1|LEuropa>Callisto/2h|LCallisto>Europa/1h: 0 zeros 0 pass (0.0s) totals zeros=40 pass=0 eta 1.3 min
2026-10-07T11:08:17+00:00 [142/665] k4|REuropa/2:1|LEuropa>Callisto/2h|LCallisto>Europa/2h: 0 zeros 0 pass (0.0s) totals zeros=40 pass=0 eta 1.3 min
2026-10-07T11:08:18+00:00 [143/665] k4|REuropa/1:2|LEuropa>Callisto/0s|LCallisto>Europa/1l: 2 zeros 0 pass (0.4s) totals zeros=42 pass=0 eta 1.3 min
2026-10-07T11:08:18+00:00 [144/665] k4|REuropa/1:2|LEuropa>Callisto/0s|LCallisto>Europa/2l: 0 zeros 0 pass (0.1s) totals zeros=42 pass=0 eta 1.3 min
2026-10-07T11:08:18+00:00 [145/665] k4|REuropa/1:2|LEuropa>Callisto/0s|HCallisto/1,0,p|LCallisto>Europa/0s: 2 zeros 0 pass (0.3s) totals zeros=44 pass=0 eta 1.3 min
2026-10-07T11:08:18+00:00 [146/665] k4|REuropa/1:2|LEuropa>Callisto/0s|HCallisto/1,0,p|LCallisto>Europa/1h: 0 zeros 0 pass (0.0s) totals zeros=44 pass=0 eta 1.3 min
2026-10-07T11:08:18+00:00 [147/665] k4|REuropa/1:2|LEuropa>Callisto/0s|HCallisto/1,0,p|LCallisto>Europa/2h: 0 zeros 0 pass (0.1s) totals zeros=44 pass=0 eta 1.3 min
2026-10-07T11:08:18+00:00 [148/665] k4|REuropa/1:2|LEuropa>Callisto/0s|HCallisto/1,0,a|LCallisto>Europa/1l: 0 zeros 0 pass (0.1s) totals zeros=44 pass=0 eta 1.3 min
2026-10-07T11:08:18+00:00 [149/665] k4|REuropa/1:2|LEuropa>Callisto/0s|HCallisto/1,0,a|LCallisto>Europa/2l: 0 zeros 0 pass (0.1s) totals zeros=44 pass=0 eta 1.3 min
2026-10-07T11:08:18+00:00 [150/665] k4|REuropa/1:2|LEuropa>Callisto/0s|LCallisto>Callisto/1l|LCallisto>Europa/0s: 0 zeros 0 pass (0.3s) totals zeros=44 pass=0 eta 1.3 min
2026-10-07T11:08:19+00:00 [151/665] k4|REuropa/1:2|LEuropa>Callisto/0s|LCallisto>Callisto/1l|LCallisto>Europa/1h: 0 zeros 0 pass (0.4s) totals zeros=44 pass=0 eta 1.3 min
2026-10-07T11:08:19+00:00 [152/665] k4|REuropa/1:2|LEuropa>Callisto/0s|LCallisto>Callisto/1l|LCallisto>Europa/2h: 0 zeros 0 pass (0.3s) totals zeros=44 pass=0 eta 1.3 min
2026-10-07T11:08:19+00:00 [153/665] k4|REuropa/1:2|LEuropa>Callisto/0s|LCallisto>Callisto/1h|LCallisto>Europa/1l: 0 zeros 0 pass (0.2s) totals zeros=44 pass=0 eta 1.3 min
2026-10-07T11:08:20+00:00 [154/665] k4|REuropa/1:2|LEuropa>Callisto/0s|LCallisto>Callisto/1h|LCallisto>Europa/2l: 0 zeros 0 pass (0.2s) totals zeros=44 pass=0 eta 1.3 min
2026-10-07T11:08:20+00:00 [155/665] k4|REuropa/1:2|LEuropa>Callisto/1l|LCallisto>Europa/0s: 2 zeros 0 pass (0.4s) totals zeros=46 pass=0 eta 1.3 min
2026-10-07T11:08:20+00:00 [156/665] k4|REuropa/1:2|LEuropa>Callisto/1l|LCallisto>Europa/1h: 0 zeros 0 pass (0.0s) totals zeros=46 pass=0 eta 1.3 min
2026-10-07T11:08:20+00:00 [157/665] k4|REuropa/1:2|LEuropa>Callisto/1l|LCallisto>Europa/2h: 0 zeros 0 pass (0.0s) totals zeros=46 pass=0 eta 1.3 min
2026-10-07T11:08:20+00:00 [158/665] k4|REuropa/1:2|LEuropa>Callisto/1l|HCallisto/1,0,p|LCallisto>Europa/1l: 0 zeros 0 pass (0.0s) totals zeros=46 pass=0 eta 1.3 min
2026-10-07T11:08:20+00:00 [159/665] k4|REuropa/1:2|LEuropa>Callisto/1l|HCallisto/1,0,p|LCallisto>Europa/2l: 0 zeros 0 pass (0.0s) totals zeros=46 pass=0 eta 1.3 min
2026-10-07T11:08:20+00:00 [160/665] k4|REuropa/1:2|LEuropa>Callisto/1l|HCallisto/1,0,a|LCallisto>Europa/0s: 0 zeros 0 pass (0.0s) totals zeros=46 pass=0 eta 1.3 min
2026-10-07T11:08:20+00:00 [161/665] k4|REuropa/1:2|LEuropa>Callisto/1l|HCallisto/1,0,a|LCallisto>Europa/1h: 0 zeros 0 pass (0.0s) totals zeros=46 pass=0 eta 1.2 min
2026-10-07T11:08:20+00:00 [162/665] k4|REuropa/1:2|LEuropa>Callisto/1l|HCallisto/1,0,a|LCallisto>Europa/2h: 0 zeros 0 pass (0.0s) totals zeros=46 pass=0 eta 1.2 min
2026-10-07T11:08:20+00:00 [163/665] k4|REuropa/1:2|LEuropa>Callisto/1l|LCallisto>Callisto/1l|LCallisto>Europa/1l: 0 zeros 0 pass (0.2s) totals zeros=46 pass=0 eta 1.2 min
2026-10-07T11:08:21+00:00 [164/665] k4|REuropa/1:2|LEuropa>Callisto/1l|LCallisto>Callisto/1l|LCallisto>Europa/2l: 0 zeros 0 pass (0.2s) totals zeros=46 pass=0 eta 1.2 min
2026-10-07T11:08:21+00:00 [165/665] k4|REuropa/1:2|LEuropa>Callisto/1l|LCallisto>Callisto/1h|LCallisto>Europa/0s: 0 zeros 0 pass (0.2s) totals zeros=46 pass=0 eta 1.2 min
2026-10-07T11:08:21+00:00 [166/665] k4|REuropa/1:2|LEuropa>Callisto/1l|LCallisto>Callisto/1h|LCallisto>Europa/1h: 0 zeros 0 pass (0.2s) totals zeros=46 pass=0 eta 1.2 min
2026-10-07T11:08:21+00:00 [167/665] k4|REuropa/1:2|LEuropa>Callisto/1l|LCallisto>Callisto/1h|LCallisto>Europa/2h: 0 zeros 0 pass (0.2s) totals zeros=46 pass=0 eta 1.2 min
2026-10-07T11:08:21+00:00 [168/665] k4|REuropa/1:2|LEuropa>Callisto/1h|LCallisto>Europa/1l: 0 zeros 0 pass (0.0s) totals zeros=46 pass=0 eta 1.2 min
2026-10-07T11:08:21+00:00 [169/665] k4|REuropa/1:2|LEuropa>Callisto/1h|LCallisto>Europa/2l: 0 zeros 0 pass (0.0s) totals zeros=46 pass=0 eta 1.2 min
2026-10-07T11:08:21+00:00 [170/665] k4|REuropa/1:2|LEuropa>Callisto/1h|HCallisto/1,0,p|LCallisto>Europa/0s: 0 zeros 0 pass (0.0s) totals zeros=46 pass=0 eta 1.2 min
2026-10-07T11:08:21+00:00 [171/665] k4|REuropa/1:2|LEuropa>Callisto/1h|HCallisto/1,0,p|LCallisto>Europa/1h: 0 zeros 0 pass (0.0s) totals zeros=46 pass=0 eta 1.2 min
2026-10-07T11:08:21+00:00 [172/665] k4|REuropa/1:2|LEuropa>Callisto/1h|HCallisto/1,0,p|LCallisto>Europa/2h: 0 zeros 0 pass (0.0s) totals zeros=46 pass=0 eta 1.2 min
2026-10-07T11:08:21+00:00 [173/665] k4|REuropa/1:2|LEuropa>Callisto/1h|HCallisto/1,0,a|LCallisto>Europa/1l: 0 zeros 0 pass (0.0s) totals zeros=46 pass=0 eta 1.2 min
2026-10-07T11:08:21+00:00 [174/665] k4|REuropa/1:2|LEuropa>Callisto/1h|HCallisto/1,0,a|LCallisto>Europa/2l: 0 zeros 0 pass (0.0s) totals zeros=46 pass=0 eta 1.2 min
2026-10-07T11:08:22+00:00 [175/665] k4|REuropa/1:2|LEuropa>Callisto/1h|LCallisto>Callisto/1l|LCallisto>Europa/0s: 0 zeros 0 pass (0.2s) totals zeros=46 pass=0 eta 1.2 min
2026-10-07T11:08:22+00:00 [176/665] k4|REuropa/1:2|LEuropa>Callisto/1h|LCallisto>Callisto/1l|LCallisto>Europa/1h: 0 zeros 0 pass (0.2s) totals zeros=46 pass=0 eta 1.2 min
2026-10-07T11:08:22+00:00 [177/665] k4|REuropa/1:2|LEuropa>Callisto/1h|LCallisto>Callisto/1l|LCallisto>Europa/2h: 0 zeros 0 pass (0.2s) totals zeros=46 pass=0 eta 1.2 min
2026-10-07T11:08:22+00:00 [178/665] k4|REuropa/1:2|LEuropa>Callisto/1h|LCallisto>Callisto/1h|LCallisto>Europa/1l: 0 zeros 0 pass (0.2s) totals zeros=46 pass=0 eta 1.2 min
2026-10-07T11:08:22+00:00 [179/665] k4|REuropa/1:2|LEuropa>Callisto/1h|LCallisto>Callisto/1h|LCallisto>Europa/2l: 0 zeros 0 pass (0.2s) totals zeros=46 pass=0 eta 1.2 min
2026-10-07T11:08:22+00:00 [180/665] k4|REuropa/1:2|LEuropa>Callisto/2l|LCallisto>Europa/0s: 0 zeros 0 pass (0.0s) totals zeros=46 pass=0 eta 1.2 min
2026-10-07T11:08:22+00:00 [181/665] k4|REuropa/1:2|LEuropa>Callisto/2l|LCallisto>Europa/1h: 0 zeros 0 pass (0.1s) totals zeros=46 pass=0 eta 1.2 min
2026-10-07T11:08:22+00:00 [182/665] k4|REuropa/1:2|LEuropa>Callisto/2l|LCallisto>Europa/2h: 0 zeros 0 pass (0.0s) totals zeros=46 pass=0 eta 1.2 min
2026-10-07T11:08:22+00:00 [183/665] k4|REuropa/1:2|LEuropa>Callisto/2l|HCallisto/1,0,p|LCallisto>Europa/1l: 0 zeros 0 pass (0.0s) totals zeros=46 pass=0 eta 1.2 min
2026-10-07T11:08:23+00:00 [184/665] k4|REuropa/1:2|LEuropa>Callisto/2l|HCallisto/1,0,a|LCallisto>Europa/0s: 0 zeros 0 pass (0.0s) totals zeros=46 pass=0 eta 1.1 min
2026-10-07T11:08:23+00:00 [185/665] k4|REuropa/1:2|LEuropa>Callisto/2l|HCallisto/1,0,a|LCallisto>Europa/1h: 0 zeros 0 pass (0.0s) totals zeros=46 pass=0 eta 1.1 min
2026-10-07T11:08:23+00:00 [186/665] k4|REuropa/1:2|LEuropa>Callisto/2l|LCallisto>Callisto/1l|LCallisto>Europa/1l: 0 zeros 0 pass (0.2s) totals zeros=46 pass=0 eta 1.1 min
2026-10-07T11:08:23+00:00 [187/665] k4|REuropa/1:2|LEuropa>Callisto/2l|LCallisto>Callisto/1h|LCallisto>Europa/0s: 0 zeros 0 pass (0.3s) totals zeros=46 pass=0 eta 1.1 min
2026-10-07T11:08:23+00:00 [188/665] k4|REuropa/1:2|LEuropa>Callisto/2l|LCallisto>Callisto/1h|LCallisto>Europa/1h: 0 zeros 0 pass (0.2s) totals zeros=46 pass=0 eta 1.1 min
2026-10-07T11:08:23+00:00 [189/665] k4|REuropa/1:2|LEuropa>Callisto/2h|LCallisto>Europa/1l: 0 zeros 0 pass (0.0s) totals zeros=46 pass=0 eta 1.1 min
2026-10-07T11:08:23+00:00 [190/665] k4|REuropa/1:2|LEuropa>Callisto/2h|LCallisto>Europa/2l: 0 zeros 0 pass (0.1s) totals zeros=46 pass=0 eta 1.1 min
2026-10-07T11:08:23+00:00 [191/665] k4|REuropa/1:2|LEuropa>Callisto/2h|HCallisto/1,0,p|LCallisto>Europa/0s: 0 zeros 0 pass (0.0s) totals zeros=46 pass=0 eta 1.1 min
2026-10-07T11:08:24+00:00 [192/665] k4|REuropa/1:2|LEuropa>Callisto/2h|HCallisto/1,0,p|LCallisto>Europa/1h: 0 zeros 0 pass (0.1s) totals zeros=46 pass=0 eta 1.1 min
2026-10-07T11:08:24+00:00 [193/665] k4|REuropa/1:2|LEuropa>Callisto/2h|HCallisto/1,0,a|LCallisto>Europa/1l: 0 zeros 0 pass (0.0s) totals zeros=46 pass=0 eta 1.1 min
2026-10-07T11:08:24+00:00 [194/665] k4|REuropa/1:2|LEuropa>Callisto/2h|LCallisto>Callisto/1l|LCallisto>Europa/0s: 0 zeros 0 pass (0.2s) totals zeros=46 pass=0 eta 1.1 min
2026-10-07T11:08:24+00:00 [195/665] k4|REuropa/1:2|LEuropa>Callisto/2h|LCallisto>Callisto/1l|LCallisto>Europa/1h: 0 zeros 0 pass (0.3s) totals zeros=46 pass=0 eta 1.1 min
2026-10-07T11:08:24+00:00 [196/665] k4|REuropa/1:2|LEuropa>Callisto/2h|LCallisto>Callisto/1h|LCallisto>Europa/1l: 0 zeros 0 pass (0.3s) totals zeros=46 pass=0 eta 1.1 min
2026-10-07T11:08:25+00:00 [197/665] k4|REuropa/3:2|LEuropa>Callisto/0s|LCallisto>Europa/0s: 4 zeros 0 pass (1.1s) totals zeros=50 pass=0 eta 1.2 min
2026-10-07T11:08:25+00:00 [198/665] k4|REuropa/3:2|LEuropa>Callisto/0s|LCallisto>Europa/1h: 0 zeros 0 pass (0.0s) totals zeros=50 pass=0 eta 1.1 min
2026-10-07T11:08:26+00:00 [199/665] k4|REuropa/3:2|LEuropa>Callisto/0s|LCallisto>Europa/2h: 0 zeros 0 pass (0.1s) totals zeros=50 pass=0 eta 1.1 min
2026-10-07T11:08:26+00:00 [200/665] k4|REuropa/3:2|LEuropa>Callisto/1l|LCallisto>Europa/1l: 0 zeros 0 pass (0.0s) totals zeros=50 pass=0 eta 1.1 min
2026-10-07T11:08:26+00:00 [201/665] k4|REuropa/3:2|LEuropa>Callisto/1l|LCallisto>Europa/2l: 0 zeros 0 pass (0.0s) totals zeros=50 pass=0 eta 1.1 min
2026-10-07T11:08:26+00:00 [202/665] k4|REuropa/3:2|LEuropa>Callisto/1h|LCallisto>Europa/0s: 0 zeros 0 pass (0.0s) totals zeros=50 pass=0 eta 1.1 min
2026-10-07T11:08:26+00:00 [203/665] k4|REuropa/3:2|LEuropa>Callisto/1h|LCallisto>Europa/1h: 0 zeros 0 pass (0.0s) totals zeros=50 pass=0 eta 1.1 min
2026-10-07T11:08:26+00:00 [204/665] k4|REuropa/3:2|LEuropa>Callisto/1h|LCallisto>Europa/2h: 0 zeros 0 pass (0.0s) totals zeros=50 pass=0 eta 1.1 min
2026-10-07T11:08:26+00:00 [205/665] k4|REuropa/3:2|LEuropa>Callisto/2l|LCallisto>Europa/1l: 0 zeros 0 pass (0.0s) totals zeros=50 pass=0 eta 1.1 min
2026-10-07T11:08:26+00:00 [206/665] k4|REuropa/3:2|LEuropa>Callisto/2h|LCallisto>Europa/0s: 0 zeros 0 pass (0.0s) totals zeros=50 pass=0 eta 1.1 min
2026-10-07T11:08:26+00:00 [207/665] k4|REuropa/3:2|LEuropa>Callisto/2h|LCallisto>Europa/1h: 0 zeros 0 pass (0.0s) totals zeros=50 pass=0 eta 1.1 min
2026-10-07T11:08:26+00:00 [208/665] k4|REuropa/2:3|LEuropa>Callisto/0s|LCallisto>Europa/1l: 1 zeros 0 pass (0.2s) totals zeros=51 pass=0 eta 1.1 min
2026-10-07T11:08:26+00:00 [209/665] k4|REuropa/2:3|LEuropa>Callisto/0s|LCallisto>Europa/2l: 0 zeros 0 pass (0.1s) totals zeros=51 pass=0 eta 1.1 min
2026-10-07T11:08:26+00:00 [210/665] k4|REuropa/2:3|LEuropa>Callisto/0s|HCallisto/1,0,p|LCallisto>Europa/0s: 4 zeros 0 pass (0.2s) totals zeros=55 pass=0 eta 1.1 min
2026-10-07T11:08:26+00:00 [211/665] k4|REuropa/2:3|LEuropa>Callisto/0s|HCallisto/1,0,p|LCallisto>Europa/1h: 0 zeros 0 pass (0.0s) totals zeros=55 pass=0 eta 1.1 min
2026-10-07T11:08:26+00:00 [212/665] k4|REuropa/2:3|LEuropa>Callisto/0s|HCallisto/1,0,a|LCallisto>Europa/1l: 0 zeros 0 pass (0.0s) totals zeros=55 pass=0 eta 1.1 min
2026-10-07T11:08:27+00:00 [213/665] k4|REuropa/2:3|LEuropa>Callisto/0s|LCallisto>Callisto/1l|LCallisto>Europa/0s: 0 zeros 0 pass (0.2s) totals zeros=55 pass=0 eta 1.1 min
2026-10-07T11:08:27+00:00 [214/665] k4|REuropa/2:3|LEuropa>Callisto/0s|LCallisto>Callisto/1l|LCallisto>Europa/1h: 0 zeros 0 pass (0.2s) totals zeros=55 pass=0 eta 1.1 min
2026-10-07T11:08:27+00:00 [215/665] k4|REuropa/2:3|LEuropa>Callisto/0s|LCallisto>Callisto/1h|LCallisto>Europa/1l: 0 zeros 0 pass (0.3s) totals zeros=55 pass=0 eta 1.1 min
2026-10-07T11:08:27+00:00 [216/665] k4|REuropa/2:3|LEuropa>Callisto/1l|LCallisto>Europa/0s: 1 zeros 0 pass (0.2s) totals zeros=56 pass=0 eta 1.1 min
2026-10-07T11:08:27+00:00 [217/665] k4|REuropa/2:3|LEuropa>Callisto/1l|LCallisto>Europa/1h: 0 zeros 0 pass (0.0s) totals zeros=56 pass=0 eta 1.1 min
2026-10-07T11:08:28+00:00 [218/665] k4|REuropa/2:3|LEuropa>Callisto/1l|LCallisto>Europa/2h: 0 zeros 0 pass (0.1s) totals zeros=56 pass=0 eta 1.1 min
2026-10-07T11:08:28+00:00 [219/665] k4|REuropa/2:3|LEuropa>Callisto/1l|HCallisto/1,0,a|LCallisto>Europa/0s: 0 zeros 0 pass (0.0s) totals zeros=56 pass=0 eta 1.1 min
2026-10-07T11:08:28+00:00 [220/665] k4|REuropa/2:3|LEuropa>Callisto/1l|LCallisto>Callisto/1h|LCallisto>Europa/0s: 0 zeros 0 pass (0.2s) totals zeros=56 pass=0 eta 1.1 min
2026-10-07T11:08:28+00:00 [221/665] k4|REuropa/2:3|LEuropa>Callisto/1h|LCallisto>Europa/1l: 0 zeros 0 pass (0.0s) totals zeros=56 pass=0 eta 1.1 min
2026-10-07T11:08:28+00:00 [222/665] k4|REuropa/2:3|LEuropa>Callisto/1h|LCallisto>Europa/2l: 0 zeros 0 pass (0.0s) totals zeros=56 pass=0 eta 1.1 min
2026-10-07T11:08:28+00:00 [223/665] k4|REuropa/2:3|LEuropa>Callisto/1h|HCallisto/1,0,p|LCallisto>Europa/0s: 0 zeros 0 pass (0.0s) totals zeros=56 pass=0 eta 1.0 min
2026-10-07T11:08:28+00:00 [224/665] k4|REuropa/2:3|LEuropa>Callisto/1h|LCallisto>Callisto/1l|LCallisto>Europa/0s: 0 zeros 0 pass (0.2s) totals zeros=56 pass=0 eta 1.0 min
2026-10-07T11:08:28+00:00 [225/665] k4|REuropa/2:3|LEuropa>Callisto/2l|LCallisto>Europa/0s: 0 zeros 0 pass (0.0s) totals zeros=56 pass=0 eta 1.0 min
2026-10-07T11:08:28+00:00 [226/665] k4|REuropa/2:3|LEuropa>Callisto/2l|LCallisto>Europa/1h: 0 zeros 0 pass (0.0s) totals zeros=56 pass=0 eta 1.0 min
2026-10-07T11:08:28+00:00 [227/665] k4|REuropa/2:3|LEuropa>Callisto/2l|LCallisto>Europa/2h: 0 zeros 0 pass (0.0s) totals zeros=56 pass=0 eta 1.0 min
2026-10-07T11:08:28+00:00 [228/665] k4|REuropa/2:3|LEuropa>Callisto/2h|LCallisto>Europa/1l: 0 zeros 0 pass (0.0s) totals zeros=56 pass=0 eta 1.0 min
2026-10-07T11:08:28+00:00 [229/665] k4|REuropa/2:3|LEuropa>Callisto/2h|LCallisto>Europa/2l: 0 zeros 0 pass (0.0s) totals zeros=56 pass=0 eta 1.0 min
2026-10-07T11:08:29+00:00 [230/665] k4|HEuropa/1,0,p|LEuropa>Callisto/0s|LCallisto>Europa/0s: 6 zeros 0 pass (0.3s) totals zeros=62 pass=0 eta 1.0 min
2026-10-07T11:08:29+00:00 [231/665] k4|HEuropa/1,0,p|LEuropa>Callisto/0s|LCallisto>Europa/1h: 5 zeros 0 pass (0.3s) totals zeros=67 pass=0 eta 1.0 min
2026-10-07T11:08:29+00:00 [232/665] k4|HEuropa/1,0,p|LEuropa>Callisto/0s|LCallisto>Europa/2h: 0 zeros 0 pass (0.1s) totals zeros=67 pass=0 eta 1.0 min
2026-10-07T11:08:29+00:00 [233/665] k4|HEuropa/1,0,p|LEuropa>Callisto/0s|HCallisto/1,0,p|LCallisto>Europa/1l: 0 zeros 0 pass (0.0s) totals zeros=67 pass=0 eta 1.0 min
2026-10-07T11:08:29+00:00 [234/665] k4|HEuropa/1,0,p|LEuropa>Callisto/0s|HCallisto/1,0,p|LCallisto>Europa/2l: 0 zeros 0 pass (0.1s) totals zeros=67 pass=0 eta 1.0 min
2026-10-07T11:08:30+00:00 [235/665] k4|HEuropa/1,0,p|LEuropa>Callisto/0s|HCallisto/1,0,a|LCallisto>Europa/0s: 4 zeros 0 pass (0.6s) totals zeros=71 pass=0 eta 1.0 min
2026-10-07T11:08:30+00:00 [236/665] k4|HEuropa/1,0,p|LEuropa>Callisto/0s|HCallisto/1,0,a|LCallisto>Europa/1h: 0 zeros 0 pass (0.0s) totals zeros=71 pass=0 eta 1.0 min
2026-10-07T11:08:30+00:00 [237/665] k4|HEuropa/1,0,p|LEuropa>Callisto/0s|HCallisto/1,0,a|LCallisto>Europa/2h: 0 zeros 0 pass (0.1s) totals zeros=71 pass=0 eta 1.0 min
2026-10-07T11:08:30+00:00 [238/665] k4|HEuropa/1,0,p|LEuropa>Callisto/0s|LCallisto>Callisto/1l|LCallisto>Europa/1l: 0 zeros 0 pass (0.3s) totals zeros=71 pass=0 eta 1.0 min
2026-10-07T11:08:30+00:00 [239/665] k4|HEuropa/1,0,p|LEuropa>Callisto/0s|LCallisto>Callisto/1l|LCallisto>Europa/2l: 0 zeros 0 pass (0.2s) totals zeros=71 pass=0 eta 1.0 min
2026-10-07T11:08:31+00:00 [240/665] k4|HEuropa/1,0,p|LEuropa>Callisto/0s|LCallisto>Callisto/1h|LCallisto>Europa/0s: 0 zeros 0 pass (0.3s) totals zeros=71 pass=0 eta 1.0 min
2026-10-07T11:08:31+00:00 [241/665] k4|HEuropa/1,0,p|LEuropa>Callisto/0s|LCallisto>Callisto/1h|LCallisto>Europa/1h: 0 zeros 0 pass (0.2s) totals zeros=71 pass=0 eta 1.0 min
2026-10-07T11:08:31+00:00 [242/665] k4|HEuropa/1,0,p|LEuropa>Callisto/0s|LCallisto>Callisto/1h|LCallisto>Europa/2h: 0 zeros 0 pass (0.3s) totals zeros=71 pass=0 eta 1.0 min
2026-10-07T11:08:31+00:00 [243/665] k4|HEuropa/1,0,p|LEuropa>Callisto/1l|LCallisto>Europa/1l: 0 zeros 0 pass (0.0s) totals zeros=71 pass=0 eta 1.0 min
2026-10-07T11:08:31+00:00 [244/665] k4|HEuropa/1,0,p|LEuropa>Callisto/1l|LCallisto>Europa/2l: 0 zeros 0 pass (0.0s) totals zeros=71 pass=0 eta 1.0 min
2026-10-07T11:08:31+00:00 [245/665] k4|HEuropa/1,0,p|LEuropa>Callisto/1l|HCallisto/1,0,p|LCallisto>Europa/0s: 0 zeros 0 pass (0.0s) totals zeros=71 pass=0 eta 1.0 min
2026-10-07T11:08:31+00:00 [246/665] k4|HEuropa/1,0,p|LEuropa>Callisto/1l|HCallisto/1,0,p|LCallisto>Europa/1h: 0 zeros 0 pass (0.0s) totals zeros=71 pass=0 eta 1.0 min
2026-10-07T11:08:31+00:00 [247/665] k4|HEuropa/1,0,p|LEuropa>Callisto/1l|HCallisto/1,0,p|LCallisto>Europa/2h: 0 zeros 0 pass (0.0s) totals zeros=71 pass=0 eta 1.0 min
2026-10-07T11:08:31+00:00 [248/665] k4|HEuropa/1,0,p|LEuropa>Callisto/1l|HCallisto/1,0,a|LCallisto>Europa/1l: 0 zeros 0 pass (0.0s) totals zeros=71 pass=0 eta 1.0 min
2026-10-07T11:08:31+00:00 [249/665] k4|HEuropa/1,0,p|LEuropa>Callisto/1l|HCallisto/1,0,a|LCallisto>Europa/2l: 0 zeros 0 pass (0.0s) totals zeros=71 pass=0 eta 1.0 min
2026-10-07T11:08:31+00:00 [250/665] k4|HEuropa/1,0,p|LEuropa>Callisto/1l|LCallisto>Callisto/1l|LCallisto>Europa/0s: 0 zeros 0 pass (0.2s) totals zeros=71 pass=0 eta 1.0 min
2026-10-07T11:08:32+00:00 [251/665] k4|HEuropa/1,0,p|LEuropa>Callisto/1l|LCallisto>Callisto/1l|LCallisto>Europa/1h: 0 zeros 0 pass (0.2s) totals zeros=71 pass=0 eta 1.0 min
2026-10-07T11:08:32+00:00 [252/665] k4|HEuropa/1,0,p|LEuropa>Callisto/1l|LCallisto>Callisto/1l|LCallisto>Europa/2h: 0 zeros 0 pass (0.2s) totals zeros=71 pass=0 eta 1.0 min
2026-10-07T11:08:32+00:00 [253/665] k4|HEuropa/1,0,p|LEuropa>Callisto/1l|LCallisto>Callisto/1h|LCallisto>Europa/1l: 0 zeros 0 pass (0.2s) totals zeros=71 pass=0 eta 1.0 min
2026-10-07T11:08:32+00:00 [254/665] k4|HEuropa/1,0,p|LEuropa>Callisto/1l|LCallisto>Callisto/1h|LCallisto>Europa/2l: 0 zeros 0 pass (0.2s) totals zeros=71 pass=0 eta 1.0 min
2026-10-07T11:08:33+00:00 [255/665] k4|HEuropa/1,0,p|LEuropa>Callisto/1h|LCallisto>Europa/0s: 5 zeros 0 pass (0.2s) totals zeros=76 pass=0 eta 1.0 min
2026-10-07T11:08:33+00:00 [256/665] k4|HEuropa/1,0,p|LEuropa>Callisto/1h|LCallisto>Europa/1h: 0 zeros 0 pass (0.0s) totals zeros=76 pass=0 eta 1.0 min
2026-10-07T11:08:33+00:00 [257/665] k4|HEuropa/1,0,p|LEuropa>Callisto/1h|LCallisto>Europa/2h: 0 zeros 0 pass (0.1s) totals zeros=76 pass=0 eta 1.0 min
2026-10-07T11:08:33+00:00 [258/665] k4|HEuropa/1,0,p|LEuropa>Callisto/1h|HCallisto/1,0,p|LCallisto>Europa/1l: 0 zeros 0 pass (0.0s) totals zeros=76 pass=0 eta 1.0 min
2026-10-07T11:08:33+00:00 [259/665] k4|HEuropa/1,0,p|LEuropa>Callisto/1h|HCallisto/1,0,p|LCallisto>Europa/2l: 0 zeros 0 pass (0.0s) totals zeros=76 pass=0 eta 1.0 min
2026-10-07T11:08:33+00:00 [260/665] k4|HEuropa/1,0,p|LEuropa>Callisto/1h|HCallisto/1,0,a|LCallisto>Europa/0s: 0 zeros 0 pass (0.0s) totals zeros=76 pass=0 eta 0.9 min
2026-10-07T11:08:33+00:00 [261/665] k4|HEuropa/1,0,p|LEuropa>Callisto/1h|HCallisto/1,0,a|LCallisto>Europa/1h: 0 zeros 0 pass (0.0s) totals zeros=76 pass=0 eta 0.9 min
2026-10-07T11:08:33+00:00 [262/665] k4|HEuropa/1,0,p|LEuropa>Callisto/1h|HCallisto/1,0,a|LCallisto>Europa/2h: 0 zeros 0 pass (0.0s) totals zeros=76 pass=0 eta 0.9 min
2026-10-07T11:08:33+00:00 [263/665] k4|HEuropa/1,0,p|LEuropa>Callisto/1h|LCallisto>Callisto/1l|LCallisto>Europa/1l: 0 zeros 0 pass (0.2s) totals zeros=76 pass=0 eta 0.9 min
2026-10-07T11:08:33+00:00 [264/665] k4|HEuropa/1,0,p|LEuropa>Callisto/1h|LCallisto>Callisto/1l|LCallisto>Europa/2l: 0 zeros 0 pass (0.2s) totals zeros=76 pass=0 eta 0.9 min
2026-10-07T11:08:33+00:00 [265/665] k4|HEuropa/1,0,p|LEuropa>Callisto/1h|LCallisto>Callisto/1h|LCallisto>Europa/0s: 0 zeros 0 pass (0.2s) totals zeros=76 pass=0 eta 0.9 min
2026-10-07T11:08:34+00:00 [266/665] k4|HEuropa/1,0,p|LEuropa>Callisto/1h|LCallisto>Callisto/1h|LCallisto>Europa/1h: 0 zeros 0 pass (0.2s) totals zeros=76 pass=0 eta 0.9 min
2026-10-07T11:08:34+00:00 [267/665] k4|HEuropa/1,0,p|LEuropa>Callisto/1h|LCallisto>Callisto/1h|LCallisto>Europa/2h: 0 zeros 0 pass (0.2s) totals zeros=76 pass=0 eta 0.9 min
2026-10-07T11:08:34+00:00 [268/665] k4|HEuropa/1,0,p|LEuropa>Callisto/2l|LCallisto>Europa/1l: 0 zeros 0 pass (0.0s) totals zeros=76 pass=0 eta 0.9 min
2026-10-07T11:08:34+00:00 [269/665] k4|HEuropa/1,0,p|LEuropa>Callisto/2l|LCallisto>Europa/2l: 0 zeros 0 pass (0.1s) totals zeros=76 pass=0 eta 0.9 min
2026-10-07T11:08:34+00:00 [270/665] k4|HEuropa/1,0,p|LEuropa>Callisto/2l|HCallisto/1,0,p|LCallisto>Europa/0s: 0 zeros 0 pass (0.1s) totals zeros=76 pass=0 eta 0.9 min
2026-10-07T11:08:34+00:00 [271/665] k4|HEuropa/1,0,p|LEuropa>Callisto/2l|HCallisto/1,0,p|LCallisto>Europa/1h: 0 zeros 0 pass (0.0s) totals zeros=76 pass=0 eta 0.9 min
2026-10-07T11:08:34+00:00 [272/665] k4|HEuropa/1,0,p|LEuropa>Callisto/2l|HCallisto/1,0,p|LCallisto>Europa/2h: 0 zeros 0 pass (0.1s) totals zeros=76 pass=0 eta 0.9 min
2026-10-07T11:08:34+00:00 [273/665] k4|HEuropa/1,0,p|LEuropa>Callisto/2l|HCallisto/1,0,a|LCallisto>Europa/1l: 0 zeros 0 pass (0.0s) totals zeros=76 pass=0 eta 0.9 min
2026-10-07T11:08:34+00:00 [274/665] k4|HEuropa/1,0,p|LEuropa>Callisto/2l|HCallisto/1,0,a|LCallisto>Europa/2l: 0 zeros 0 pass (0.0s) totals zeros=76 pass=0 eta 0.9 min
2026-10-07T11:08:35+00:00 [275/665] k4|HEuropa/1,0,p|LEuropa>Callisto/2l|LCallisto>Callisto/1l|LCallisto>Europa/0s: 0 zeros 0 pass (0.3s) totals zeros=76 pass=0 eta 0.9 min
2026-10-07T11:08:35+00:00 [276/665] k4|HEuropa/1,0,p|LEuropa>Callisto/2l|LCallisto>Callisto/1l|LCallisto>Europa/1h: 0 zeros 0 pass (0.3s) totals zeros=76 pass=0 eta 0.9 min
2026-10-07T11:08:35+00:00 [277/665] k4|HEuropa/1,0,p|LEuropa>Callisto/2l|LCallisto>Callisto/1l|LCallisto>Europa/2h: 0 zeros 0 pass (0.3s) totals zeros=76 pass=0 eta 0.9 min
2026-10-07T11:08:35+00:00 [278/665] k4|HEuropa/1,0,p|LEuropa>Callisto/2l|LCallisto>Callisto/1h|LCallisto>Europa/1l: 0 zeros 0 pass (0.3s) totals zeros=76 pass=0 eta 0.9 min
2026-10-07T11:08:36+00:00 [279/665] k4|HEuropa/1,0,p|LEuropa>Callisto/2l|LCallisto>Callisto/1h|LCallisto>Europa/2l: 0 zeros 0 pass (0.3s) totals zeros=76 pass=0 eta 0.9 min
2026-10-07T11:08:36+00:00 [280/665] k4|HEuropa/1,0,p|LEuropa>Callisto/2h|LCallisto>Europa/0s: 0 zeros 0 pass (0.1s) totals zeros=76 pass=0 eta 0.9 min
2026-10-07T11:08:36+00:00 [281/665] k4|HEuropa/1,0,p|LEuropa>Callisto/2h|LCallisto>Europa/1h: 0 zeros 0 pass (0.0s) totals zeros=76 pass=0 eta 0.9 min
2026-10-07T11:08:36+00:00 [282/665] k4|HEuropa/1,0,p|LEuropa>Callisto/2h|LCallisto>Europa/2h: 0 zeros 0 pass (0.0s) totals zeros=76 pass=0 eta 0.9 min
2026-10-07T11:08:36+00:00 [283/665] k4|HEuropa/1,0,p|LEuropa>Callisto/2h|HCallisto/1,0,p|LCallisto>Europa/1l: 0 zeros 0 pass (0.0s) totals zeros=76 pass=0 eta 0.9 min
2026-10-07T11:08:36+00:00 [284/665] k4|HEuropa/1,0,p|LEuropa>Callisto/2h|HCallisto/1,0,p|LCallisto>Europa/2l: 0 zeros 0 pass (0.0s) totals zeros=76 pass=0 eta 0.9 min
2026-10-07T11:08:36+00:00 [285/665] k4|HEuropa/1,0,p|LEuropa>Callisto/2h|HCallisto/1,0,a|LCallisto>Europa/0s: 0 zeros 0 pass (0.0s) totals zeros=76 pass=0 eta 0.9 min
2026-10-07T11:08:36+00:00 [286/665] k4|HEuropa/1,0,p|LEuropa>Callisto/2h|HCallisto/1,0,a|LCallisto>Europa/1h: 0 zeros 0 pass (0.0s) totals zeros=76 pass=0 eta 0.9 min
2026-10-07T11:08:36+00:00 [287/665] k4|HEuropa/1,0,p|LEuropa>Callisto/2h|HCallisto/1,0,a|LCallisto>Europa/2h: 0 zeros 0 pass (0.0s) totals zeros=76 pass=0 eta 0.9 min
2026-10-07T11:08:36+00:00 [288/665] k4|HEuropa/1,0,p|LEuropa>Callisto/2h|LCallisto>Callisto/1l|LCallisto>Europa/1l: 0 zeros 0 pass (0.3s) totals zeros=76 pass=0 eta 0.9 min
2026-10-07T11:08:37+00:00 [289/665] k4|HEuropa/1,0,p|LEuropa>Callisto/2h|LCallisto>Callisto/1l|LCallisto>Europa/2l: 0 zeros 0 pass (0.3s) totals zeros=76 pass=0 eta 0.9 min
2026-10-07T11:08:37+00:00 [290/665] k4|HEuropa/1,0,p|LEuropa>Callisto/2h|LCallisto>Callisto/1h|LCallisto>Europa/0s: 0 zeros 0 pass (0.3s) totals zeros=76 pass=0 eta 0.9 min
2026-10-07T11:08:37+00:00 [291/665] k4|HEuropa/1,0,p|LEuropa>Callisto/2h|LCallisto>Callisto/1h|LCallisto>Europa/1h: 0 zeros 0 pass (0.3s) totals zeros=76 pass=0 eta 0.9 min
2026-10-07T11:08:37+00:00 [292/665] k4|HEuropa/1,0,p|LEuropa>Callisto/2h|LCallisto>Callisto/1h|LCallisto>Europa/2h: 0 zeros 0 pass (0.3s) totals zeros=76 pass=0 eta 0.9 min
2026-10-07T11:08:38+00:00 [293/665] k4|HEuropa/1,0,a|LEuropa>Callisto/0s|LCallisto>Europa/1l: 3 zeros 0 pass (0.3s) totals zeros=79 pass=0 eta 0.9 min
2026-10-07T11:08:38+00:00 [294/665] k4|HEuropa/1,0,a|LEuropa>Callisto/0s|LCallisto>Europa/2l: 0 zeros 0 pass (0.3s) totals zeros=79 pass=0 eta 0.9 min
2026-10-07T11:08:39+00:00 [295/665] k4|HEuropa/1,0,a|LEuropa>Callisto/0s|HCallisto/1,0,p|LCallisto>Europa/0s: 4 zeros 0 pass (0.7s) totals zeros=83 pass=0 eta 0.9 min
2026-10-07T11:08:39+00:00 [296/665] k4|HEuropa/1,0,a|LEuropa>Callisto/0s|HCallisto/1,0,p|LCallisto>Europa/1h: 0 zeros 0 pass (0.0s) totals zeros=83 pass=0 eta 0.9 min
2026-10-07T11:08:39+00:00 [297/665] k4|HEuropa/1,0,a|LEuropa>Callisto/0s|HCallisto/1,0,p|LCallisto>Europa/2h: 0 zeros 0 pass (0.1s) totals zeros=83 pass=0 eta 0.9 min
2026-10-07T11:08:39+00:00 [298/665] k4|HEuropa/1,0,a|LEuropa>Callisto/0s|HCallisto/1,0,a|LCallisto>Europa/1l: 0 zeros 0 pass (0.0s) totals zeros=83 pass=0 eta 0.9 min
2026-10-07T11:08:39+00:00 [299/665] k4|HEuropa/1,0,a|LEuropa>Callisto/0s|HCallisto/1,0,a|LCallisto>Europa/2l: 0 zeros 0 pass (0.1s) totals zeros=83 pass=0 eta 0.9 min
2026-10-07T11:08:39+00:00 [300/665] k4|HEuropa/1,0,a|LEuropa>Callisto/0s|LCallisto>Callisto/1l|LCallisto>Europa/0s: 0 zeros 0 pass (0.3s) totals zeros=83 pass=0 eta 0.9 min
2026-10-07T11:08:39+00:00 [301/665] k4|HEuropa/1,0,a|LEuropa>Callisto/0s|LCallisto>Callisto/1l|LCallisto>Europa/1h: 0 zeros 0 pass (0.3s) totals zeros=83 pass=0 eta 0.9 min
2026-10-07T11:08:40+00:00 [302/665] k4|HEuropa/1,0,a|LEuropa>Callisto/0s|LCallisto>Callisto/1l|LCallisto>Europa/2h: 0 zeros 0 pass (0.2s) totals zeros=83 pass=0 eta 0.9 min
2026-10-07T11:08:40+00:00 [303/665] k4|HEuropa/1,0,a|LEuropa>Callisto/0s|LCallisto>Callisto/1h|LCallisto>Europa/1l: 0 zeros 0 pass (0.2s) totals zeros=83 pass=0 eta 0.9 min
2026-10-07T11:08:40+00:00 [304/665] k4|HEuropa/1,0,a|LEuropa>Callisto/0s|LCallisto>Callisto/1h|LCallisto>Europa/2l: 0 zeros 0 pass (0.3s) totals zeros=83 pass=0 eta 0.9 min
2026-10-07T11:08:41+00:00 [305/665] k4|HEuropa/1,0,a|LEuropa>Callisto/1l|LCallisto>Europa/0s: 3 zeros 0 pass (0.4s) totals zeros=86 pass=0 eta 0.9 min
2026-10-07T11:08:41+00:00 [306/665] k4|HEuropa/1,0,a|LEuropa>Callisto/1l|LCallisto>Europa/1h: 0 zeros 0 pass (0.0s) totals zeros=86 pass=0 eta 0.9 min
2026-10-07T11:08:41+00:00 [307/665] k4|HEuropa/1,0,a|LEuropa>Callisto/1l|LCallisto>Europa/2h: 0 zeros 0 pass (0.0s) totals zeros=86 pass=0 eta 0.9 min
2026-10-07T11:08:41+00:00 [308/665] k4|HEuropa/1,0,a|LEuropa>Callisto/1l|HCallisto/1,0,p|LCallisto>Europa/1l: 0 zeros 0 pass (0.0s) totals zeros=86 pass=0 eta 0.9 min
2026-10-07T11:08:41+00:00 [309/665] k4|HEuropa/1,0,a|LEuropa>Callisto/1l|HCallisto/1,0,p|LCallisto>Europa/2l: 0 zeros 0 pass (0.0s) totals zeros=86 pass=0 eta 0.9 min
2026-10-07T11:08:41+00:00 [310/665] k4|HEuropa/1,0,a|LEuropa>Callisto/1l|HCallisto/1,0,a|LCallisto>Europa/0s: 0 zeros 0 pass (0.0s) totals zeros=86 pass=0 eta 0.8 min
2026-10-07T11:08:41+00:00 [311/665] k4|HEuropa/1,0,a|LEuropa>Callisto/1l|HCallisto/1,0,a|LCallisto>Europa/1h: 0 zeros 0 pass (0.0s) totals zeros=86 pass=0 eta 0.8 min
2026-10-07T11:08:41+00:00 [312/665] k4|HEuropa/1,0,a|LEuropa>Callisto/1l|HCallisto/1,0,a|LCallisto>Europa/2h: 0 zeros 0 pass (0.0s) totals zeros=86 pass=0 eta 0.8 min
2026-10-07T11:08:41+00:00 [313/665] k4|HEuropa/1,0,a|LEuropa>Callisto/1l|LCallisto>Callisto/1l|LCallisto>Europa/1l: 0 zeros 0 pass (0.2s) totals zeros=86 pass=0 eta 0.8 min
2026-10-07T11:08:41+00:00 [314/665] k4|HEuropa/1,0,a|LEuropa>Callisto/1l|LCallisto>Callisto/1l|LCallisto>Europa/2l: 0 zeros 0 pass (0.2s) totals zeros=86 pass=0 eta 0.8 min
2026-10-07T11:08:41+00:00 [315/665] k4|HEuropa/1,0,a|LEuropa>Callisto/1l|LCallisto>Callisto/1h|LCallisto>Europa/0s: 0 zeros 0 pass (0.2s) totals zeros=86 pass=0 eta 0.8 min
2026-10-07T11:08:42+00:00 [316/665] k4|HEuropa/1,0,a|LEuropa>Callisto/1l|LCallisto>Callisto/1h|LCallisto>Europa/1h: 0 zeros 0 pass (0.2s) totals zeros=86 pass=0 eta 0.8 min
2026-10-07T11:08:42+00:00 [317/665] k4|HEuropa/1,0,a|LEuropa>Callisto/1l|LCallisto>Callisto/1h|LCallisto>Europa/2h: 0 zeros 0 pass (0.2s) totals zeros=86 pass=0 eta 0.8 min
2026-10-07T11:08:42+00:00 [318/665] k4|HEuropa/1,0,a|LEuropa>Callisto/1h|LCallisto>Europa/1l: 0 zeros 0 pass (0.1s) totals zeros=86 pass=0 eta 0.8 min
2026-10-07T11:08:42+00:00 [319/665] k4|HEuropa/1,0,a|LEuropa>Callisto/1h|LCallisto>Europa/2l: 0 zeros 0 pass (0.0s) totals zeros=86 pass=0 eta 0.8 min
2026-10-07T11:08:42+00:00 [320/665] k4|HEuropa/1,0,a|LEuropa>Callisto/1h|HCallisto/1,0,p|LCallisto>Europa/0s: 0 zeros 0 pass (0.0s) totals zeros=86 pass=0 eta 0.8 min
2026-10-07T11:08:42+00:00 [321/665] k4|HEuropa/1,0,a|LEuropa>Callisto/1h|HCallisto/1,0,p|LCallisto>Europa/1h: 0 zeros 0 pass (0.0s) totals zeros=86 pass=0 eta 0.8 min
2026-10-07T11:08:42+00:00 [322/665] k4|HEuropa/1,0,a|LEuropa>Callisto/1h|HCallisto/1,0,p|LCallisto>Europa/2h: 0 zeros 0 pass (0.0s) totals zeros=86 pass=0 eta 0.8 min
2026-10-07T11:08:42+00:00 [323/665] k4|HEuropa/1,0,a|LEuropa>Callisto/1h|HCallisto/1,0,a|LCallisto>Europa/1l: 0 zeros 0 pass (0.0s) totals zeros=86 pass=0 eta 0.8 min
2026-10-07T11:08:42+00:00 [324/665] k4|HEuropa/1,0,a|LEuropa>Callisto/1h|HCallisto/1,0,a|LCallisto>Europa/2l: 0 zeros 0 pass (0.0s) totals zeros=86 pass=0 eta 0.8 min
2026-10-07T11:08:42+00:00 [325/665] k4|HEuropa/1,0,a|LEuropa>Callisto/1h|LCallisto>Callisto/1l|LCallisto>Europa/0s: 0 zeros 0 pass (0.2s) totals zeros=86 pass=0 eta 0.8 min
2026-10-07T11:08:43+00:00 [326/665] k4|HEuropa/1,0,a|LEuropa>Callisto/1h|LCallisto>Callisto/1l|LCallisto>Europa/1h: 0 zeros 0 pass (0.2s) totals zeros=86 pass=0 eta 0.8 min
2026-10-07T11:08:43+00:00 [327/665] k4|HEuropa/1,0,a|LEuropa>Callisto/1h|LCallisto>Callisto/1l|LCallisto>Europa/2h: 0 zeros 0 pass (0.2s) totals zeros=86 pass=0 eta 0.8 min
2026-10-07T11:08:43+00:00 [328/665] k4|HEuropa/1,0,a|LEuropa>Callisto/1h|LCallisto>Callisto/1h|LCallisto>Europa/1l: 0 zeros 0 pass (0.2s) totals zeros=86 pass=0 eta 0.8 min
2026-10-07T11:08:43+00:00 [329/665] k4|HEuropa/1,0,a|LEuropa>Callisto/1h|LCallisto>Callisto/1h|LCallisto>Europa/2l: 0 zeros 0 pass (0.2s) totals zeros=86 pass=0 eta 0.8 min
2026-10-07T11:08:43+00:00 [330/665] k4|HEuropa/1,0,a|LEuropa>Callisto/2l|LCallisto>Europa/0s: 0 zeros 0 pass (0.2s) totals zeros=86 pass=0 eta 0.8 min
2026-10-07T11:08:43+00:00 [331/665] k4|HEuropa/1,0,a|LEuropa>Callisto/2l|LCallisto>Europa/1h: 0 zeros 0 pass (0.1s) totals zeros=86 pass=0 eta 0.8 min
2026-10-07T11:08:44+00:00 [332/665] k4|HEuropa/1,0,a|LEuropa>Callisto/2l|LCallisto>Europa/2h: 0 zeros 0 pass (0.0s) totals zeros=86 pass=0 eta 0.8 min
2026-10-07T11:08:44+00:00 [333/665] k4|HEuropa/1,0,a|LEuropa>Callisto/2l|HCallisto/1,0,p|LCallisto>Europa/1l: 0 zeros 0 pass (0.0s) totals zeros=86 pass=0 eta 0.8 min
2026-10-07T11:08:44+00:00 [334/665] k4|HEuropa/1,0,a|LEuropa>Callisto/2l|HCallisto/1,0,p|LCallisto>Europa/2l: 0 zeros 0 pass (0.0s) totals zeros=86 pass=0 eta 0.8 min
2026-10-07T11:08:44+00:00 [335/665] k4|HEuropa/1,0,a|LEuropa>Callisto/2l|HCallisto/1,0,a|LCallisto>Europa/0s: 0 zeros 0 pass (0.0s) totals zeros=86 pass=0 eta 0.8 min
2026-10-07T11:08:44+00:00 [336/665] k4|HEuropa/1,0,a|LEuropa>Callisto/2l|HCallisto/1,0,a|LCallisto>Europa/1h: 0 zeros 0 pass (0.0s) totals zeros=86 pass=0 eta 0.8 min
2026-10-07T11:08:44+00:00 [337/665] k4|HEuropa/1,0,a|LEuropa>Callisto/2l|HCallisto/1,0,a|LCallisto>Europa/2h: 0 zeros 0 pass (0.0s) totals zeros=86 pass=0 eta 0.8 min
2026-10-07T11:08:44+00:00 [338/665] k4|HEuropa/1,0,a|LEuropa>Callisto/2l|LCallisto>Callisto/1l|LCallisto>Europa/1l: 0 zeros 0 pass (0.2s) totals zeros=86 pass=0 eta 0.8 min
2026-10-07T11:08:44+00:00 [339/665] k4|HEuropa/1,0,a|LEuropa>Callisto/2l|LCallisto>Callisto/1l|LCallisto>Europa/2l: 0 zeros 0 pass (0.2s) totals zeros=86 pass=0 eta 0.8 min
2026-10-07T11:08:44+00:00 [340/665] k4|HEuropa/1,0,a|LEuropa>Callisto/2l|LCallisto>Callisto/1h|LCallisto>Europa/0s: 0 zeros 0 pass (0.3s) totals zeros=86 pass=0 eta 0.8 min
2026-10-07T11:08:45+00:00 [341/665] k4|HEuropa/1,0,a|LEuropa>Callisto/2l|LCallisto>Callisto/1h|LCallisto>Europa/1h: 0 zeros 0 pass (0.3s) totals zeros=86 pass=0 eta 0.8 min
2026-10-07T11:08:45+00:00 [342/665] k4|HEuropa/1,0,a|LEuropa>Callisto/2l|LCallisto>Callisto/1h|LCallisto>Europa/2h: 0 zeros 0 pass (0.3s) totals zeros=86 pass=0 eta 0.8 min
2026-10-07T11:08:45+00:00 [343/665] k4|HEuropa/1,0,a|LEuropa>Callisto/2h|LCallisto>Europa/1l: 0 zeros 0 pass (0.1s) totals zeros=86 pass=0 eta 0.8 min
2026-10-07T11:08:45+00:00 [344/665] k4|HEuropa/1,0,a|LEuropa>Callisto/2h|LCallisto>Europa/2l: 0 zeros 0 pass (0.1s) totals zeros=86 pass=0 eta 0.8 min
2026-10-07T11:08:45+00:00 [345/665] k4|HEuropa/1,0,a|LEuropa>Callisto/2h|HCallisto/1,0,p|LCallisto>Europa/0s: 0 zeros 0 pass (0.1s) totals zeros=86 pass=0 eta 0.8 min
2026-10-07T11:08:45+00:00 [346/665] k4|HEuropa/1,0,a|LEuropa>Callisto/2h|HCallisto/1,0,p|LCallisto>Europa/1h: 0 zeros 0 pass (0.1s) totals zeros=86 pass=0 eta 0.8 min
2026-10-07T11:08:45+00:00 [347/665] k4|HEuropa/1,0,a|LEuropa>Callisto/2h|HCallisto/1,0,p|LCallisto>Europa/2h: 0 zeros 0 pass (0.1s) totals zeros=86 pass=0 eta 0.7 min
2026-10-07T11:08:45+00:00 [348/665] k4|HEuropa/1,0,a|LEuropa>Callisto/2h|HCallisto/1,0,a|LCallisto>Europa/1l: 0 zeros 0 pass (0.1s) totals zeros=86 pass=0 eta 0.7 min
2026-10-07T11:08:45+00:00 [349/665] k4|HEuropa/1,0,a|LEuropa>Callisto/2h|HCallisto/1,0,a|LCallisto>Europa/2l: 0 zeros 0 pass (0.1s) totals zeros=86 pass=0 eta 0.7 min
2026-10-07T11:08:46+00:00 [350/665] k4|HEuropa/1,0,a|LEuropa>Callisto/2h|LCallisto>Callisto/1l|LCallisto>Europa/0s: 0 zeros 0 pass (0.3s) totals zeros=86 pass=0 eta 0.7 min
2026-10-07T11:08:46+00:00 [351/665] k4|HEuropa/1,0,a|LEuropa>Callisto/2h|LCallisto>Callisto/1l|LCallisto>Europa/1h: 0 zeros 0 pass (0.2s) totals zeros=86 pass=0 eta 0.7 min
2026-10-07T11:08:46+00:00 [352/665] k4|HEuropa/1,0,a|LEuropa>Callisto/2h|LCallisto>Callisto/1l|LCallisto>Europa/2h: 0 zeros 0 pass (0.3s) totals zeros=86 pass=0 eta 0.7 min
2026-10-07T11:08:46+00:00 [353/665] k4|HEuropa/1,0,a|LEuropa>Callisto/2h|LCallisto>Callisto/1h|LCallisto>Europa/1l: 0 zeros 0 pass (0.3s) totals zeros=86 pass=0 eta 0.7 min
2026-10-07T11:08:47+00:00 [354/665] k4|HEuropa/1,0,a|LEuropa>Callisto/2h|LCallisto>Callisto/1h|LCallisto>Europa/2l: 0 zeros 0 pass (0.3s) totals zeros=86 pass=0 eta 0.7 min
2026-10-07T11:08:47+00:00 [355/665] k4|HEuropa/3,1,p|LEuropa>Callisto/0s|LCallisto>Europa/0s: 6 zeros 0 pass (0.3s) totals zeros=92 pass=0 eta 0.7 min
2026-10-07T11:08:47+00:00 [356/665] k4|HEuropa/3,1,p|LEuropa>Callisto/0s|LCallisto>Europa/1h: 0 zeros 0 pass (0.3s) totals zeros=92 pass=0 eta 0.7 min
2026-10-07T11:08:47+00:00 [357/665] k4|HEuropa/3,1,p|LEuropa>Callisto/0s|LCallisto>Europa/2h: 0 zeros 0 pass (0.1s) totals zeros=92 pass=0 eta 0.7 min
2026-10-07T11:08:47+00:00 [358/665] k4|HEuropa/3,1,p|LEuropa>Callisto/0s|HCallisto/1,0,p|LCallisto>Europa/1l: 0 zeros 0 pass (0.0s) totals zeros=92 pass=0 eta 0.7 min
2026-10-07T11:08:47+00:00 [359/665] k4|HEuropa/3,1,p|LEuropa>Callisto/0s|HCallisto/1,0,p|LCallisto>Europa/2l: 0 zeros 0 pass (0.1s) totals zeros=92 pass=0 eta 0.7 min
2026-10-07T11:08:48+00:00 [360/665] k4|HEuropa/3,1,p|LEuropa>Callisto/0s|HCallisto/1,0,a|LCallisto>Europa/0s: 2 zeros 0 pass (0.2s) totals zeros=94 pass=0 eta 0.7 min
2026-10-07T11:08:48+00:00 [361/665] k4|HEuropa/3,1,p|LEuropa>Callisto/0s|HCallisto/1,0,a|LCallisto>Europa/1h: 0 zeros 0 pass (0.0s) totals zeros=94 pass=0 eta 0.7 min
2026-10-07T11:08:48+00:00 [362/665] k4|HEuropa/3,1,p|LEuropa>Callisto/0s|HCallisto/1,0,a|LCallisto>Europa/2h: 0 zeros 0 pass (0.1s) totals zeros=94 pass=0 eta 0.7 min
2026-10-07T11:08:48+00:00 [363/665] k4|HEuropa/3,1,p|LEuropa>Callisto/0s|LCallisto>Callisto/1l|LCallisto>Europa/1l: 0 zeros 0 pass (0.3s) totals zeros=94 pass=0 eta 0.7 min
2026-10-07T11:08:48+00:00 [364/665] k4|HEuropa/3,1,p|LEuropa>Callisto/0s|LCallisto>Callisto/1l|LCallisto>Europa/2l: 0 zeros 0 pass (0.3s) totals zeros=94 pass=0 eta 0.7 min
2026-10-07T11:08:49+00:00 [365/665] k4|HEuropa/3,1,p|LEuropa>Callisto/0s|LCallisto>Callisto/1h|LCallisto>Europa/0s: 0 zeros 0 pass (0.2s) totals zeros=94 pass=0 eta 0.7 min
2026-10-07T11:08:49+00:00 [366/665] k4|HEuropa/3,1,p|LEuropa>Callisto/0s|LCallisto>Callisto/1h|LCallisto>Europa/1h: 0 zeros 0 pass (0.2s) totals zeros=94 pass=0 eta 0.7 min
2026-10-07T11:08:49+00:00 [367/665] k4|HEuropa/3,1,p|LEuropa>Callisto/0s|LCallisto>Callisto/1h|LCallisto>Europa/2h: 0 zeros 0 pass (0.3s) totals zeros=94 pass=0 eta 0.7 min
2026-10-07T11:08:49+00:00 [368/665] k4|HEuropa/3,1,p|LEuropa>Callisto/1l|LCallisto>Europa/1l: 0 zeros 0 pass (0.0s) totals zeros=94 pass=0 eta 0.7 min
2026-10-07T11:08:49+00:00 [369/665] k4|HEuropa/3,1,p|LEuropa>Callisto/1l|LCallisto>Europa/2l: 0 zeros 0 pass (0.0s) totals zeros=94 pass=0 eta 0.7 min
2026-10-07T11:08:49+00:00 [370/665] k4|HEuropa/3,1,p|LEuropa>Callisto/1l|HCallisto/1,0,p|LCallisto>Europa/0s: 0 zeros 0 pass (0.0s) totals zeros=94 pass=0 eta 0.7 min
2026-10-07T11:08:49+00:00 [371/665] k4|HEuropa/3,1,p|LEuropa>Callisto/1l|HCallisto/1,0,p|LCallisto>Europa/1h: 0 zeros 0 pass (0.0s) totals zeros=94 pass=0 eta 0.7 min
2026-10-07T11:08:49+00:00 [372/665] k4|HEuropa/3,1,p|LEuropa>Callisto/1l|HCallisto/1,0,a|LCallisto>Europa/1l: 0 zeros 0 pass (0.0s) totals zeros=94 pass=0 eta 0.7 min
2026-10-07T11:08:49+00:00 [373/665] k4|HEuropa/3,1,p|LEuropa>Callisto/1l|LCallisto>Callisto/1l|LCallisto>Europa/0s: 0 zeros 0 pass (0.2s) totals zeros=94 pass=0 eta 0.7 min
2026-10-07T11:08:50+00:00 [374/665] k4|HEuropa/3,1,p|LEuropa>Callisto/1l|LCallisto>Callisto/1l|LCallisto>Europa/1h: 0 zeros 0 pass (0.2s) totals zeros=94 pass=0 eta 0.7 min
2026-10-07T11:08:50+00:00 [375/665] k4|HEuropa/3,1,p|LEuropa>Callisto/1l|LCallisto>Callisto/1h|LCallisto>Europa/1l: 0 zeros 0 pass (0.2s) totals zeros=94 pass=0 eta 0.7 min
2026-10-07T11:08:50+00:00 [376/665] k4|HEuropa/3,1,p|LEuropa>Callisto/1h|LCallisto>Europa/0s: 0 zeros 0 pass (0.3s) totals zeros=94 pass=0 eta 0.7 min
2026-10-07T11:08:50+00:00 [377/665] k4|HEuropa/3,1,p|LEuropa>Callisto/1h|LCallisto>Europa/1h: 0 zeros 0 pass (0.0s) totals zeros=94 pass=0 eta 0.7 min
2026-10-07T11:08:50+00:00 [378/665] k4|HEuropa/3,1,p|LEuropa>Callisto/1h|LCallisto>Europa/2h: 0 zeros 0 pass (0.0s) totals zeros=94 pass=0 eta 0.7 min
2026-10-07T11:08:50+00:00 [379/665] k4|HEuropa/3,1,p|LEuropa>Callisto/1h|HCallisto/1,0,p|LCallisto>Europa/1l: 0 zeros 0 pass (0.0s) totals zeros=94 pass=0 eta 0.7 min
2026-10-07T11:08:50+00:00 [380/665] k4|HEuropa/3,1,p|LEuropa>Callisto/1h|HCallisto/1,0,a|LCallisto>Europa/0s: 0 zeros 0 pass (0.0s) totals zeros=94 pass=0 eta 0.7 min
2026-10-07T11:08:50+00:00 [381/665] k4|HEuropa/3,1,p|LEuropa>Callisto/1h|HCallisto/1,0,a|LCallisto>Europa/1h: 0 zeros 0 pass (0.0s) totals zeros=94 pass=0 eta 0.7 min
2026-10-07T11:08:50+00:00 [382/665] k4|HEuropa/3,1,p|LEuropa>Callisto/1h|LCallisto>Callisto/1l|LCallisto>Europa/1l: 0 zeros 0 pass (0.2s) totals zeros=94 pass=0 eta 0.7 min
2026-10-07T11:08:51+00:00 [383/665] k4|HEuropa/3,1,p|LEuropa>Callisto/1h|LCallisto>Callisto/1h|LCallisto>Europa/0s: 0 zeros 0 pass (0.2s) totals zeros=94 pass=0 eta 0.7 min
2026-10-07T11:08:51+00:00 [384/665] k4|HEuropa/3,1,p|LEuropa>Callisto/1h|LCallisto>Callisto/1h|LCallisto>Europa/1h: 0 zeros 0 pass (0.2s) totals zeros=94 pass=0 eta 0.7 min
2026-10-07T11:08:51+00:00 [385/665] k4|HEuropa/3,1,p|LEuropa>Callisto/2l|LCallisto>Europa/1l: 0 zeros 0 pass (0.1s) totals zeros=94 pass=0 eta 0.7 min
2026-10-07T11:08:51+00:00 [386/665] k4|HEuropa/3,1,p|LEuropa>Callisto/2l|LCallisto>Europa/2l: 0 zeros 0 pass (0.0s) totals zeros=94 pass=0 eta 0.7 min
2026-10-07T11:08:51+00:00 [387/665] k4|HEuropa/3,1,p|LEuropa>Callisto/2l|HCallisto/1,0,p|LCallisto>Europa/0s: 0 zeros 0 pass (0.0s) totals zeros=94 pass=0 eta 0.7 min
2026-10-07T11:08:51+00:00 [388/665] k4|HEuropa/3,1,p|LEuropa>Callisto/2l|LCallisto>Callisto/1l|LCallisto>Europa/0s: 0 zeros 0 pass (0.2s) totals zeros=94 pass=0 eta 0.7 min
2026-10-07T11:08:51+00:00 [389/665] k4|HEuropa/3,1,p|LEuropa>Callisto/2h|LCallisto>Europa/0s: 0 zeros 0 pass (0.1s) totals zeros=94 pass=0 eta 0.6 min
2026-10-07T11:08:51+00:00 [390/665] k4|HEuropa/3,1,p|LEuropa>Callisto/2h|LCallisto>Europa/1h: 0 zeros 0 pass (0.0s) totals zeros=94 pass=0 eta 0.6 min
2026-10-07T11:08:51+00:00 [391/665] k4|HEuropa/3,1,p|LEuropa>Callisto/2h|LCallisto>Europa/2h: 0 zeros 0 pass (0.0s) totals zeros=94 pass=0 eta 0.6 min
2026-10-07T11:08:51+00:00 [392/665] k4|HEuropa/3,1,p|LEuropa>Callisto/2h|HCallisto/1,0,a|LCallisto>Europa/0s: 0 zeros 0 pass (0.0s) totals zeros=94 pass=0 eta 0.6 min
2026-10-07T11:08:52+00:00 [393/665] k4|HEuropa/3,1,p|LEuropa>Callisto/2h|LCallisto>Callisto/1h|LCallisto>Europa/0s: 0 zeros 0 pass (0.2s) totals zeros=94 pass=0 eta 0.6 min
2026-10-07T11:08:52+00:00 [394/665] k4|HEuropa/3,1,a|LEuropa>Callisto/0s|LCallisto>Europa/1l: 0 zeros 0 pass (0.2s) totals zeros=94 pass=0 eta 0.6 min
2026-10-07T11:08:52+00:00 [395/665] k4|HEuropa/3,1,a|LEuropa>Callisto/0s|LCallisto>Europa/2l: 0 zeros 0 pass (0.1s) totals zeros=94 pass=0 eta 0.6 min
2026-10-07T11:08:52+00:00 [396/665] k4|HEuropa/3,1,a|LEuropa>Callisto/0s|HCallisto/1,0,p|LCallisto>Europa/0s: 2 zeros 0 pass (0.2s) totals zeros=96 pass=0 eta 0.6 min
2026-10-07T11:08:52+00:00 [397/665] k4|HEuropa/3,1,a|LEuropa>Callisto/0s|HCallisto/1,0,p|LCallisto>Europa/1h: 0 zeros 0 pass (0.0s) totals zeros=96 pass=0 eta 0.6 min
2026-10-07T11:08:52+00:00 [398/665] k4|HEuropa/3,1,a|LEuropa>Callisto/0s|HCallisto/1,0,p|LCallisto>Europa/2h: 0 zeros 0 pass (0.1s) totals zeros=96 pass=0 eta 0.6 min
2026-10-07T11:08:52+00:00 [399/665] k4|HEuropa/3,1,a|LEuropa>Callisto/0s|HCallisto/1,0,a|LCallisto>Europa/1l: 0 zeros 0 pass (0.1s) totals zeros=96 pass=0 eta 0.6 min
2026-10-07T11:08:52+00:00 [400/665] k4|HEuropa/3,1,a|LEuropa>Callisto/0s|HCallisto/1,0,a|LCallisto>Europa/2l: 0 zeros 0 pass (0.1s) totals zeros=96 pass=0 eta 0.6 min
2026-10-07T11:08:53+00:00 [401/665] k4|HEuropa/3,1,a|LEuropa>Callisto/0s|LCallisto>Callisto/1l|LCallisto>Europa/0s: 0 zeros 0 pass (0.3s) totals zeros=96 pass=0 eta 0.6 min
2026-10-07T11:08:53+00:00 [402/665] k4|HEuropa/3,1,a|LEuropa>Callisto/0s|LCallisto>Callisto/1l|LCallisto>Europa/1h: 0 zeros 0 pass (0.2s) totals zeros=96 pass=0 eta 0.6 min
2026-10-07T11:08:53+00:00 [403/665] k4|HEuropa/3,1,a|LEuropa>Callisto/0s|LCallisto>Callisto/1l|LCallisto>Europa/2h: 0 zeros 0 pass (0.2s) totals zeros=96 pass=0 eta 0.6 min
2026-10-07T11:08:53+00:00 [404/665] k4|HEuropa/3,1,a|LEuropa>Callisto/0s|LCallisto>Callisto/1h|LCallisto>Europa/1l: 0 zeros 0 pass (0.3s) totals zeros=96 pass=0 eta 0.6 min
2026-10-07T11:08:54+00:00 [405/665] k4|HEuropa/3,1,a|LEuropa>Callisto/0s|LCallisto>Callisto/1h|LCallisto>Europa/2l: 0 zeros 0 pass (0.3s) totals zeros=96 pass=0 eta 0.6 min
2026-10-07T11:08:54+00:00 [406/665] k4|HEuropa/3,1,a|LEuropa>Callisto/1l|LCallisto>Europa/0s: 0 zeros 0 pass (0.4s) totals zeros=96 pass=0 eta 0.6 min
2026-10-07T11:08:54+00:00 [407/665] k4|HEuropa/3,1,a|LEuropa>Callisto/1l|LCallisto>Europa/1h: 0 zeros 0 pass (0.1s) totals zeros=96 pass=0 eta 0.6 min
2026-10-07T11:08:54+00:00 [408/665] k4|HEuropa/3,1,a|LEuropa>Callisto/1l|LCallisto>Europa/2h: 0 zeros 0 pass (0.0s) totals zeros=96 pass=0 eta 0.6 min
2026-10-07T11:08:54+00:00 [409/665] k4|HEuropa/3,1,a|LEuropa>Callisto/1l|HCallisto/1,0,p|LCallisto>Europa/1l: 0 zeros 0 pass (0.0s) totals zeros=96 pass=0 eta 0.6 min
2026-10-07T11:08:54+00:00 [410/665] k4|HEuropa/3,1,a|LEuropa>Callisto/1l|HCallisto/1,0,a|LCallisto>Europa/0s: 0 zeros 0 pass (0.0s) totals zeros=96 pass=0 eta 0.6 min
2026-10-07T11:08:54+00:00 [411/665] k4|HEuropa/3,1,a|LEuropa>Callisto/1l|HCallisto/1,0,a|LCallisto>Europa/1h: 0 zeros 0 pass (0.0s) totals zeros=96 pass=0 eta 0.6 min
2026-10-07T11:08:54+00:00 [412/665] k4|HEuropa/3,1,a|LEuropa>Callisto/1l|LCallisto>Callisto/1l|LCallisto>Europa/1l: 0 zeros 0 pass (0.2s) totals zeros=96 pass=0 eta 0.6 min
2026-10-07T11:08:55+00:00 [413/665] k4|HEuropa/3,1,a|LEuropa>Callisto/1l|LCallisto>Callisto/1h|LCallisto>Europa/0s: 0 zeros 0 pass (0.2s) totals zeros=96 pass=0 eta 0.6 min
2026-10-07T11:08:55+00:00 [414/665] k4|HEuropa/3,1,a|LEuropa>Callisto/1l|LCallisto>Callisto/1h|LCallisto>Europa/1h: 0 zeros 0 pass (0.2s) totals zeros=96 pass=0 eta 0.6 min
2026-10-07T11:08:55+00:00 [415/665] k4|HEuropa/3,1,a|LEuropa>Callisto/1h|LCallisto>Europa/1l: 0 zeros 0 pass (0.0s) totals zeros=96 pass=0 eta 0.6 min
2026-10-07T11:08:55+00:00 [416/665] k4|HEuropa/3,1,a|LEuropa>Callisto/1h|LCallisto>Europa/2l: 0 zeros 0 pass (0.0s) totals zeros=96 pass=0 eta 0.6 min
2026-10-07T11:08:55+00:00 [417/665] k4|HEuropa/3,1,a|LEuropa>Callisto/1h|HCallisto/1,0,p|LCallisto>Europa/0s: 0 zeros 0 pass (0.0s) totals zeros=96 pass=0 eta 0.6 min
2026-10-07T11:08:55+00:00 [418/665] k4|HEuropa/3,1,a|LEuropa>Callisto/1h|HCallisto/1,0,p|LCallisto>Europa/1h: 0 zeros 0 pass (0.0s) totals zeros=96 pass=0 eta 0.6 min
2026-10-07T11:08:55+00:00 [419/665] k4|HEuropa/3,1,a|LEuropa>Callisto/1h|HCallisto/1,0,a|LCallisto>Europa/1l: 0 zeros 0 pass (0.0s) totals zeros=96 pass=0 eta 0.6 min
2026-10-07T11:08:55+00:00 [420/665] k4|HEuropa/3,1,a|LEuropa>Callisto/1h|LCallisto>Callisto/1l|LCallisto>Europa/0s: 0 zeros 0 pass (0.2s) totals zeros=96 pass=0 eta 0.6 min
2026-10-07T11:08:55+00:00 [421/665] k4|HEuropa/3,1,a|LEuropa>Callisto/1h|LCallisto>Callisto/1l|LCallisto>Europa/1h: 0 zeros 0 pass (0.2s) totals zeros=96 pass=0 eta 0.6 min
2026-10-07T11:08:55+00:00 [422/665] k4|HEuropa/3,1,a|LEuropa>Callisto/1h|LCallisto>Callisto/1h|LCallisto>Europa/1l: 0 zeros 0 pass (0.1s) totals zeros=96 pass=0 eta 0.6 min
2026-10-07T11:08:55+00:00 [423/665] k4|HEuropa/3,1,a|LEuropa>Callisto/2l|LCallisto>Europa/0s: 0 zeros 0 pass (0.0s) totals zeros=96 pass=0 eta 0.6 min
2026-10-07T11:08:55+00:00 [424/665] k4|HEuropa/3,1,a|LEuropa>Callisto/2l|LCallisto>Europa/1h: 0 zeros 0 pass (0.0s) totals zeros=96 pass=0 eta 0.6 min
2026-10-07T11:08:56+00:00 [425/665] k4|HEuropa/3,1,a|LEuropa>Callisto/2l|LCallisto>Europa/2h: 0 zeros 0 pass (0.0s) totals zeros=96 pass=0 eta 0.6 min
2026-10-07T11:08:56+00:00 [426/665] k4|HEuropa/3,1,a|LEuropa>Callisto/2l|HCallisto/1,0,a|LCallisto>Europa/0s: 0 zeros 0 pass (0.0s) totals zeros=96 pass=0 eta 0.6 min
2026-10-07T11:08:56+00:00 [427/665] k4|HEuropa/3,1,a|LEuropa>Callisto/2l|LCallisto>Callisto/1h|LCallisto>Europa/0s: 0 zeros 0 pass (0.2s) totals zeros=96 pass=0 eta 0.6 min
2026-10-07T11:08:56+00:00 [428/665] k4|HEuropa/3,1,a|LEuropa>Callisto/2h|LCallisto>Europa/1l: 0 zeros 0 pass (0.0s) totals zeros=96 pass=0 eta 0.5 min
2026-10-07T11:08:56+00:00 [429/665] k4|HEuropa/3,1,a|LEuropa>Callisto/2h|LCallisto>Europa/2l: 0 zeros 0 pass (0.0s) totals zeros=96 pass=0 eta 0.5 min
2026-10-07T11:08:56+00:00 [430/665] k4|HEuropa/3,1,a|LEuropa>Callisto/2h|HCallisto/1,0,p|LCallisto>Europa/0s: 0 zeros 0 pass (0.0s) totals zeros=96 pass=0 eta 0.5 min
2026-10-07T11:08:56+00:00 [431/665] k4|HEuropa/3,1,a|LEuropa>Callisto/2h|LCallisto>Callisto/1l|LCallisto>Europa/0s: 0 zeros 0 pass (0.2s) totals zeros=96 pass=0 eta 0.5 min
2026-10-07T11:08:57+00:00 [432/665] k4|LEuropa>Europa/1l|LEuropa>Callisto/0s|LCallisto>Europa/0s: 12 zeros 0 pass (1.0s) totals zeros=108 pass=0 eta 0.5 min
2026-10-07T11:08:59+00:00 [433/665] k4|LEuropa>Europa/1l|LEuropa>Callisto/0s|LCallisto>Europa/1h: 0 zeros 0 pass (1.4s) totals zeros=108 pass=0 eta 0.6 min
2026-10-07T11:08:59+00:00 [434/665] k4|LEuropa>Europa/1l|LEuropa>Callisto/0s|LCallisto>Europa/2h: 0 zeros 0 pass (0.5s) totals zeros=108 pass=0 eta 0.6 min
2026-10-07T11:08:59+00:00 [435/665] k4|LEuropa>Europa/1l|LEuropa>Callisto/0s|HCallisto/1,0,p|LCallisto>Europa/1l: 0 zeros 0 pass (0.3s) totals zeros=108 pass=0 eta 0.6 min
2026-10-07T11:09:00+00:00 [436/665] k4|LEuropa>Europa/1l|LEuropa>Callisto/0s|HCallisto/1,0,p|LCallisto>Europa/2l: 0 zeros 0 pass (0.3s) totals zeros=108 pass=0 eta 0.6 min
2026-10-07T11:09:01+00:00 [437/665] k4|LEuropa>Europa/1l|LEuropa>Callisto/0s|HCallisto/1,0,a|LCallisto>Europa/0s: 3 zeros 0 pass (1.3s) totals zeros=111 pass=0 eta 0.6 min
2026-10-07T11:09:01+00:00 [438/665] k4|LEuropa>Europa/1l|LEuropa>Callisto/0s|HCallisto/1,0,a|LCallisto>Europa/1h: 0 zeros 0 pass (0.4s) totals zeros=111 pass=0 eta 0.6 min
2026-10-07T11:09:02+00:00 [439/665] k4|LEuropa>Europa/1l|LEuropa>Callisto/0s|HCallisto/1,0,a|LCallisto>Europa/2h: 0 zeros 0 pass (0.4s) totals zeros=111 pass=0 eta 0.6 min
2026-10-07T11:09:03+00:00 [440/665] k4|LEuropa>Europa/1l|LEuropa>Callisto/0s|LCallisto>Callisto/1l|LCallisto>Europa/1l: 0 zeros 0 pass (1.3s) totals zeros=111 pass=0 eta 0.6 min
2026-10-07T11:09:04+00:00 [441/665] k4|LEuropa>Europa/1l|LEuropa>Callisto/0s|LCallisto>Callisto/1l|LCallisto>Europa/2l: 0 zeros 0 pass (1.3s) totals zeros=111 pass=0 eta 0.6 min
2026-10-07T11:09:06+00:00 [442/665] k4|LEuropa>Europa/1l|LEuropa>Callisto/0s|LCallisto>Callisto/1h|LCallisto>Europa/0s: 0 zeros 0 pass (1.3s) totals zeros=111 pass=0 eta 0.6 min
2026-10-07T11:09:07+00:00 [443/665] k4|LEuropa>Europa/1l|LEuropa>Callisto/0s|LCallisto>Callisto/1h|LCallisto>Europa/1h: 0 zeros 0 pass (1.2s) totals zeros=111 pass=0 eta 0.6 min
2026-10-07T11:09:08+00:00 [444/665] k4|LEuropa>Europa/1l|LEuropa>Callisto/0s|LCallisto>Callisto/1h|LCallisto>Europa/2h: 0 zeros 0 pass (1.2s) totals zeros=111 pass=0 eta 0.6 min
2026-10-07T11:09:08+00:00 [445/665] k4|LEuropa>Europa/1l|LEuropa>Callisto/1l|LCallisto>Europa/1l: 0 zeros 0 pass (0.4s) totals zeros=111 pass=0 eta 0.6 min
2026-10-07T11:09:09+00:00 [446/665] k4|LEuropa>Europa/1l|LEuropa>Callisto/1l|LCallisto>Europa/2l: 0 zeros 0 pass (0.4s) totals zeros=111 pass=0 eta 0.6 min
2026-10-07T11:09:09+00:00 [447/665] k4|LEuropa>Europa/1l|LEuropa>Callisto/1l|HCallisto/1,0,p|LCallisto>Europa/0s: 0 zeros 0 pass (0.3s) totals zeros=111 pass=0 eta 0.6 min
2026-10-07T11:09:09+00:00 [448/665] k4|LEuropa>Europa/1l|LEuropa>Callisto/1l|HCallisto/1,0,p|LCallisto>Europa/1h: 0 zeros 0 pass (0.3s) totals zeros=111 pass=0 eta 0.6 min
2026-10-07T11:09:10+00:00 [449/665] k4|LEuropa>Europa/1l|LEuropa>Callisto/1l|HCallisto/1,0,p|LCallisto>Europa/2h: 0 zeros 0 pass (0.4s) totals zeros=111 pass=0 eta 0.6 min
2026-10-07T11:09:10+00:00 [450/665] k4|LEuropa>Europa/1l|LEuropa>Callisto/1l|HCallisto/1,0,a|LCallisto>Europa/1l: 0 zeros 0 pass (0.4s) totals zeros=111 pass=0 eta 0.6 min
2026-10-07T11:09:10+00:00 [451/665] k4|LEuropa>Europa/1l|LEuropa>Callisto/1l|HCallisto/1,0,a|LCallisto>Europa/2l: 0 zeros 0 pass (0.3s) totals zeros=111 pass=0 eta 0.6 min
2026-10-07T11:09:12+00:00 [452/665] k4|LEuropa>Europa/1l|LEuropa>Callisto/1l|LCallisto>Callisto/1l|LCallisto>Europa/0s: 0 zeros 0 pass (1.2s) totals zeros=111 pass=0 eta 0.6 min
2026-10-07T11:09:13+00:00 [453/665] k4|LEuropa>Europa/1l|LEuropa>Callisto/1l|LCallisto>Callisto/1l|LCallisto>Europa/1h: 0 zeros 0 pass (1.1s) totals zeros=111 pass=0 eta 0.6 min
2026-10-07T11:09:14+00:00 [454/665] k4|LEuropa>Europa/1l|LEuropa>Callisto/1l|LCallisto>Callisto/1l|LCallisto>Europa/2h: 0 zeros 0 pass (1.1s) totals zeros=111 pass=0 eta 0.6 min
2026-10-07T11:09:15+00:00 [455/665] k4|LEuropa>Europa/1l|LEuropa>Callisto/1l|LCallisto>Callisto/1h|LCallisto>Europa/1l: 0 zeros 0 pass (1.1s) totals zeros=111 pass=0 eta 0.6 min
2026-10-07T11:09:16+00:00 [456/665] k4|LEuropa>Europa/1l|LEuropa>Callisto/1l|LCallisto>Callisto/1h|LCallisto>Europa/2l: 0 zeros 0 pass (1.1s) totals zeros=111 pass=0 eta 0.6 min
2026-10-07T11:09:18+00:00 [457/665] k4|LEuropa>Europa/1l|LEuropa>Callisto/1h|LCallisto>Europa/0s: 0 zeros 0 pass (2.0s) totals zeros=111 pass=0 eta 0.6 min
2026-10-07T11:09:18+00:00 [458/665] k4|LEuropa>Europa/1l|LEuropa>Callisto/1h|LCallisto>Europa/1h: 0 zeros 0 pass (0.3s) totals zeros=111 pass=0 eta 0.6 min
2026-10-07T11:09:19+00:00 [459/665] k4|LEuropa>Europa/1l|LEuropa>Callisto/1h|LCallisto>Europa/2h: 0 zeros 0 pass (0.3s) totals zeros=111 pass=0 eta 0.6 min
2026-10-07T11:09:19+00:00 [460/665] k4|LEuropa>Europa/1l|LEuropa>Callisto/1h|HCallisto/1,0,p|LCallisto>Europa/1l: 0 zeros 0 pass (0.3s) totals zeros=111 pass=0 eta 0.6 min
2026-10-07T11:09:19+00:00 [461/665] k4|LEuropa>Europa/1l|LEuropa>Callisto/1h|HCallisto/1,0,p|LCallisto>Europa/2l: 0 zeros 0 pass (0.2s) totals zeros=111 pass=0 eta 0.6 min
2026-10-07T11:09:20+00:00 [462/665] k4|LEuropa>Europa/1l|LEuropa>Callisto/1h|HCallisto/1,0,a|LCallisto>Europa/0s: 0 zeros 0 pass (0.3s) totals zeros=111 pass=0 eta 0.6 min
2026-10-07T11:09:20+00:00 [463/665] k4|LEuropa>Europa/1l|LEuropa>Callisto/1h|HCallisto/1,0,a|LCallisto>Europa/1h: 0 zeros 0 pass (0.3s) totals zeros=111 pass=0 eta 0.6 min
2026-10-07T11:09:20+00:00 [464/665] k4|LEuropa>Europa/1l|LEuropa>Callisto/1h|HCallisto/1,0,a|LCallisto>Europa/2h: 0 zeros 0 pass (0.3s) totals zeros=111 pass=0 eta 0.6 min
2026-10-07T11:09:21+00:00 [465/665] k4|LEuropa>Europa/1l|LEuropa>Callisto/1h|LCallisto>Callisto/1l|LCallisto>Europa/1l: 0 zeros 0 pass (1.2s) totals zeros=111 pass=0 eta 0.6 min
2026-10-07T11:09:22+00:00 [466/665] k4|LEuropa>Europa/1l|LEuropa>Callisto/1h|LCallisto>Callisto/1l|LCallisto>Europa/2l: 0 zeros 0 pass (1.1s) totals zeros=111 pass=0 eta 0.6 min
2026-10-07T11:09:24+00:00 [467/665] k4|LEuropa>Europa/1l|LEuropa>Callisto/1h|LCallisto>Callisto/1h|LCallisto>Europa/0s: 0 zeros 0 pass (1.1s) totals zeros=111 pass=0 eta 0.6 min
2026-10-07T11:09:25+00:00 [468/665] k4|LEuropa>Europa/1l|LEuropa>Callisto/1h|LCallisto>Callisto/1h|LCallisto>Europa/1h: 0 zeros 0 pass (1.1s) totals zeros=111 pass=0 eta 0.6 min
2026-10-07T11:09:26+00:00 [469/665] k4|LEuropa>Europa/1l|LEuropa>Callisto/1h|LCallisto>Callisto/1h|LCallisto>Europa/2h: 0 zeros 0 pass (1.1s) totals zeros=111 pass=0 eta 0.6 min
2026-10-07T11:09:26+00:00 [470/665] k4|LEuropa>Europa/1l|LEuropa>Callisto/2l|LCallisto>Europa/1l: 0 zeros 0 pass (0.4s) totals zeros=111 pass=0 eta 0.6 min
2026-10-07T11:09:27+00:00 [471/665] k4|LEuropa>Europa/1l|LEuropa>Callisto/2l|LCallisto>Europa/2l: 0 zeros 0 pass (0.4s) totals zeros=111 pass=0 eta 0.6 min
2026-10-07T11:09:27+00:00 [472/665] k4|LEuropa>Europa/1l|LEuropa>Callisto/2l|HCallisto/1,0,p|LCallisto>Europa/0s: 0 zeros 0 pass (0.3s) totals zeros=111 pass=0 eta 0.6 min
2026-10-07T11:09:27+00:00 [473/665] k4|LEuropa>Europa/1l|LEuropa>Callisto/2l|HCallisto/1,0,p|LCallisto>Europa/1h: 0 zeros 0 pass (0.3s) totals zeros=111 pass=0 eta 0.6 min
2026-10-07T11:09:28+00:00 [474/665] k4|LEuropa>Europa/1l|LEuropa>Callisto/2l|HCallisto/1,0,p|LCallisto>Europa/2h: 0 zeros 0 pass (0.4s) totals zeros=111 pass=0 eta 0.6 min
2026-10-07T11:09:28+00:00 [475/665] k4|LEuropa>Europa/1l|LEuropa>Callisto/2l|HCallisto/1,0,a|LCallisto>Europa/1l: 0 zeros 0 pass (0.4s) totals zeros=111 pass=0 eta 0.6 min
2026-10-07T11:09:28+00:00 [476/665] k4|LEuropa>Europa/1l|LEuropa>Callisto/2l|HCallisto/1,0,a|LCallisto>Europa/2l: 0 zeros 0 pass (0.4s) totals zeros=111 pass=0 eta 0.6 min
2026-10-07T11:09:30+00:00 [477/665] k4|LEuropa>Europa/1l|LEuropa>Callisto/2l|LCallisto>Callisto/1l|LCallisto>Europa/0s: 0 zeros 0 pass (1.3s) totals zeros=111 pass=0 eta 0.6 min
2026-10-07T11:09:31+00:00 [478/665] k4|LEuropa>Europa/1l|LEuropa>Callisto/2l|LCallisto>Callisto/1l|LCallisto>Europa/1h: 0 zeros 0 pass (1.3s) totals zeros=111 pass=0 eta 0.6 min
2026-10-07T11:09:32+00:00 [479/665] k4|LEuropa>Europa/1l|LEuropa>Callisto/2l|LCallisto>Callisto/1l|LCallisto>Europa/2h: 0 zeros 0 pass (1.3s) totals zeros=111 pass=0 eta 0.6 min
2026-10-07T11:09:34+00:00 [480/665] k4|LEuropa>Europa/1l|LEuropa>Callisto/2l|LCallisto>Callisto/1h|LCallisto>Europa/1l: 0 zeros 0 pass (1.2s) totals zeros=111 pass=0 eta 0.6 min
2026-10-07T11:09:35+00:00 [481/665] k4|LEuropa>Europa/1l|LEuropa>Callisto/2l|LCallisto>Callisto/1h|LCallisto>Europa/2l: 0 zeros 0 pass (1.5s) totals zeros=111 pass=0 eta 0.6 min
2026-10-07T11:09:36+00:00 [482/665] k4|LEuropa>Europa/1l|LEuropa>Callisto/2h|LCallisto>Europa/0s: 0 zeros 0 pass (0.5s) totals zeros=111 pass=0 eta 0.6 min
2026-10-07T11:09:36+00:00 [483/665] k4|LEuropa>Europa/1l|LEuropa>Callisto/2h|LCallisto>Europa/1h: 0 zeros 0 pass (0.4s) totals zeros=111 pass=0 eta 0.6 min
2026-10-07T11:09:36+00:00 [484/665] k4|LEuropa>Europa/1l|LEuropa>Callisto/2h|LCallisto>Europa/2h: 0 zeros 0 pass (0.5s) totals zeros=111 pass=0 eta 0.6 min
2026-10-07T11:09:37+00:00 [485/665] k4|LEuropa>Europa/1l|LEuropa>Callisto/2h|HCallisto/1,0,p|LCallisto>Europa/1l: 0 zeros 0 pass (0.4s) totals zeros=111 pass=0 eta 0.6 min
2026-10-07T11:09:37+00:00 [486/665] k4|LEuropa>Europa/1l|LEuropa>Callisto/2h|HCallisto/1,0,p|LCallisto>Europa/2l: 0 zeros 0 pass (0.3s) totals zeros=111 pass=0 eta 0.6 min
2026-10-07T11:09:37+00:00 [487/665] k4|LEuropa>Europa/1l|LEuropa>Callisto/2h|HCallisto/1,0,a|LCallisto>Europa/0s: 0 zeros 0 pass (0.3s) totals zeros=111 pass=0 eta 0.6 min
2026-10-07T11:09:38+00:00 [488/665] k4|LEuropa>Europa/1l|LEuropa>Callisto/2h|HCallisto/1,0,a|LCallisto>Europa/1h: 0 zeros 0 pass (0.3s) totals zeros=111 pass=0 eta 0.6 min
2026-10-07T11:09:38+00:00 [489/665] k4|LEuropa>Europa/1l|LEuropa>Callisto/2h|HCallisto/1,0,a|LCallisto>Europa/2h: 0 zeros 0 pass (0.3s) totals zeros=111 pass=0 eta 0.6 min
2026-10-07T11:09:39+00:00 [490/665] k4|LEuropa>Europa/1l|LEuropa>Callisto/2h|LCallisto>Callisto/1l|LCallisto>Europa/1l: 0 zeros 0 pass (1.2s) totals zeros=111 pass=0 eta 0.6 min
2026-10-07T11:09:41+00:00 [491/665] k4|LEuropa>Europa/1l|LEuropa>Callisto/2h|LCallisto>Callisto/1l|LCallisto>Europa/2l: 0 zeros 0 pass (1.4s) totals zeros=111 pass=0 eta 0.6 min
2026-10-07T11:09:42+00:00 [492/665] k4|LEuropa>Europa/1l|LEuropa>Callisto/2h|LCallisto>Callisto/1h|LCallisto>Europa/0s: 0 zeros 0 pass (1.2s) totals zeros=111 pass=0 eta 0.6 min
2026-10-07T11:09:43+00:00 [493/665] k4|LEuropa>Europa/1l|LEuropa>Callisto/2h|LCallisto>Callisto/1h|LCallisto>Europa/1h: 0 zeros 0 pass (1.3s) totals zeros=111 pass=0 eta 0.6 min
2026-10-07T11:09:45+00:00 [494/665] k4|LEuropa>Europa/1l|LEuropa>Callisto/2h|LCallisto>Callisto/1h|LCallisto>Europa/2h: 0 zeros 0 pass (1.3s) totals zeros=111 pass=0 eta 0.6 min
2026-10-07T11:09:46+00:00 [495/665] k4|LEuropa>Europa/1h|LEuropa>Callisto/0s|LCallisto>Europa/1l: 2 zeros 0 pass (1.4s) totals zeros=113 pass=0 eta 0.6 min
2026-10-07T11:09:46+00:00 [496/665] k4|LEuropa>Europa/1h|LEuropa>Callisto/0s|LCallisto>Europa/2l: 0 zeros 0 pass (0.4s) totals zeros=113 pass=0 eta 0.6 min
2026-10-07T11:09:47+00:00 [497/665] k4|LEuropa>Europa/1h|LEuropa>Callisto/0s|HCallisto/1,0,p|LCallisto>Europa/0s: 3 zeros 0 pass (0.8s) totals zeros=116 pass=0 eta 0.6 min
2026-10-07T11:09:48+00:00 [498/665] k4|LEuropa>Europa/1h|LEuropa>Callisto/0s|HCallisto/1,0,p|LCallisto>Europa/1h: 0 zeros 0 pass (0.3s) totals zeros=116 pass=0 eta 0.6 min
2026-10-07T11:09:48+00:00 [499/665] k4|LEuropa>Europa/1h|LEuropa>Callisto/0s|HCallisto/1,0,p|LCallisto>Europa/2h: 0 zeros 0 pass (0.4s) totals zeros=116 pass=0 eta 0.6 min
2026-10-07T11:09:48+00:00 [500/665] k4|LEuropa>Europa/1h|LEuropa>Callisto/0s|HCallisto/1,0,a|LCallisto>Europa/1l: 0 zeros 0 pass (0.4s) totals zeros=116 pass=0 eta 0.6 min
2026-10-07T11:09:49+00:00 [501/665] k4|LEuropa>Europa/1h|LEuropa>Callisto/0s|HCallisto/1,0,a|LCallisto>Europa/2l: 0 zeros 0 pass (0.3s) totals zeros=116 pass=0 eta 0.6 min
2026-10-07T11:09:50+00:00 [502/665] k4|LEuropa>Europa/1h|LEuropa>Callisto/0s|LCallisto>Callisto/1l|LCallisto>Europa/0s: 0 zeros 0 pass (1.2s) totals zeros=116 pass=0 eta 0.6 min
2026-10-07T11:09:51+00:00 [503/665] k4|LEuropa>Europa/1h|LEuropa>Callisto/0s|LCallisto>Callisto/1l|LCallisto>Europa/1h: 0 zeros 0 pass (1.2s) totals zeros=116 pass=0 eta 0.6 min
2026-10-07T11:09:52+00:00 [504/665] k4|LEuropa>Europa/1h|LEuropa>Callisto/0s|LCallisto>Callisto/1l|LCallisto>Europa/2h: 0 zeros 0 pass (1.1s) totals zeros=116 pass=0 eta 0.6 min
2026-10-07T11:09:53+00:00 [505/665] k4|LEuropa>Europa/1h|LEuropa>Callisto/0s|LCallisto>Callisto/1h|LCallisto>Europa/1l: 0 zeros 0 pass (1.1s) totals zeros=116 pass=0 eta 0.6 min
2026-10-07T11:09:54+00:00 [506/665] k4|LEuropa>Europa/1h|LEuropa>Callisto/0s|LCallisto>Callisto/1h|LCallisto>Europa/2l: 0 zeros 0 pass (1.1s) totals zeros=116 pass=0 eta 0.6 min
2026-10-07T11:09:56+00:00 [507/665] k4|LEuropa>Europa/1h|LEuropa>Callisto/1l|LCallisto>Europa/0s: 3 zeros 0 pass (1.5s) totals zeros=119 pass=0 eta 0.6 min
2026-10-07T11:09:56+00:00 [508/665] k4|LEuropa>Europa/1h|LEuropa>Callisto/1l|LCallisto>Europa/1h: 0 zeros 0 pass (0.4s) totals zeros=119 pass=0 eta 0.6 min
2026-10-07T11:09:57+00:00 [509/665] k4|LEuropa>Europa/1h|LEuropa>Callisto/1l|LCallisto>Europa/2h: 0 zeros 0 pass (0.3s) totals zeros=119 pass=0 eta 0.6 min
2026-10-07T11:09:57+00:00 [510/665] k4|LEuropa>Europa/1h|LEuropa>Callisto/1l|HCallisto/1,0,p|LCallisto>Europa/1l: 0 zeros 0 pass (0.3s) totals zeros=119 pass=0 eta 0.6 min
2026-10-07T11:09:57+00:00 [511/665] k4|LEuropa>Europa/1h|LEuropa>Callisto/1l|HCallisto/1,0,p|LCallisto>Europa/2l: 0 zeros 0 pass (0.2s) totals zeros=119 pass=0 eta 0.6 min
2026-10-07T11:09:57+00:00 [512/665] k4|LEuropa>Europa/1h|LEuropa>Callisto/1l|HCallisto/1,0,a|LCallisto>Europa/0s: 0 zeros 0 pass (0.2s) totals zeros=119 pass=0 eta 0.6 min
2026-10-07T11:09:57+00:00 [513/665] k4|LEuropa>Europa/1h|LEuropa>Callisto/1l|HCallisto/1,0,a|LCallisto>Europa/1h: 0 zeros 0 pass (0.2s) totals zeros=119 pass=0 eta 0.6 min
2026-10-07T11:09:58+00:00 [514/665] k4|LEuropa>Europa/1h|LEuropa>Callisto/1l|HCallisto/1,0,a|LCallisto>Europa/2h: 0 zeros 0 pass (0.3s) totals zeros=119 pass=0 eta 0.6 min
2026-10-07T11:09:59+00:00 [515/665] k4|LEuropa>Europa/1h|LEuropa>Callisto/1l|LCallisto>Callisto/1l|LCallisto>Europa/1l: 0 zeros 0 pass (1.0s) totals zeros=119 pass=0 eta 0.6 min
2026-10-07T11:10:00+00:00 [516/665] k4|LEuropa>Europa/1h|LEuropa>Callisto/1l|LCallisto>Callisto/1l|LCallisto>Europa/2l: 0 zeros 0 pass (0.9s) totals zeros=119 pass=0 eta 0.6 min
2026-10-07T11:10:01+00:00 [517/665] k4|LEuropa>Europa/1h|LEuropa>Callisto/1l|LCallisto>Callisto/1h|LCallisto>Europa/0s: 0 zeros 0 pass (1.0s) totals zeros=119 pass=0 eta 0.6 min
2026-10-07T11:10:02+00:00 [518/665] k4|LEuropa>Europa/1h|LEuropa>Callisto/1l|LCallisto>Callisto/1h|LCallisto>Europa/1h: 0 zeros 0 pass (0.9s) totals zeros=119 pass=0 eta 0.6 min
2026-10-07T11:10:03+00:00 [519/665] k4|LEuropa>Europa/1h|LEuropa>Callisto/1l|LCallisto>Callisto/1h|LCallisto>Europa/2h: 0 zeros 0 pass (1.0s) totals zeros=119 pass=0 eta 0.6 min
2026-10-07T11:10:03+00:00 [520/665] k4|LEuropa>Europa/1h|LEuropa>Callisto/1h|LCallisto>Europa/1l: 0 zeros 0 pass (0.3s) totals zeros=119 pass=0 eta 0.6 min
2026-10-07T11:10:03+00:00 [521/665] k4|LEuropa>Europa/1h|LEuropa>Callisto/1h|LCallisto>Europa/2l: 0 zeros 0 pass (0.4s) totals zeros=119 pass=0 eta 0.6 min
2026-10-07T11:10:04+00:00 [522/665] k4|LEuropa>Europa/1h|LEuropa>Callisto/1h|HCallisto/1,0,p|LCallisto>Europa/0s: 0 zeros 0 pass (0.3s) totals zeros=119 pass=0 eta 0.6 min
2026-10-07T11:10:04+00:00 [523/665] k4|LEuropa>Europa/1h|LEuropa>Callisto/1h|HCallisto/1,0,p|LCallisto>Europa/1h: 0 zeros 0 pass (0.3s) totals zeros=119 pass=0 eta 0.6 min
2026-10-07T11:10:04+00:00 [524/665] k4|LEuropa>Europa/1h|LEuropa>Callisto/1h|HCallisto/1,0,p|LCallisto>Europa/2h: 0 zeros 0 pass (0.3s) totals zeros=119 pass=0 eta 0.6 min
2026-10-07T11:10:04+00:00 [525/665] k4|LEuropa>Europa/1h|LEuropa>Callisto/1h|HCallisto/1,0,a|LCallisto>Europa/1l: 0 zeros 0 pass (0.2s) totals zeros=119 pass=0 eta 0.6 min
2026-10-07T11:10:05+00:00 [526/665] k4|LEuropa>Europa/1h|LEuropa>Callisto/1h|HCallisto/1,0,a|LCallisto>Europa/2l: 0 zeros 0 pass (0.3s) totals zeros=119 pass=0 eta 0.6 min
2026-10-07T11:10:06+00:00 [527/665] k4|LEuropa>Europa/1h|LEuropa>Callisto/1h|LCallisto>Callisto/1l|LCallisto>Europa/0s: 0 zeros 0 pass (1.0s) totals zeros=119 pass=0 eta 0.6 min
2026-10-07T11:10:07+00:00 [528/665] k4|LEuropa>Europa/1h|LEuropa>Callisto/1h|LCallisto>Callisto/1l|LCallisto>Europa/1h: 0 zeros 0 pass (0.9s) totals zeros=119 pass=0 eta 0.6 min
2026-10-07T11:10:08+00:00 [529/665] k4|LEuropa>Europa/1h|LEuropa>Callisto/1h|LCallisto>Callisto/1l|LCallisto>Europa/2h: 0 zeros 0 pass (1.0s) totals zeros=119 pass=0 eta 0.6 min
2026-10-07T11:10:09+00:00 [530/665] k4|LEuropa>Europa/1h|LEuropa>Callisto/1h|LCallisto>Callisto/1h|LCallisto>Europa/1l: 0 zeros 0 pass (1.0s) totals zeros=119 pass=0 eta 0.6 min
2026-10-07T11:10:09+00:00 [531/665] k4|LEuropa>Europa/1h|LEuropa>Callisto/1h|LCallisto>Callisto/1h|LCallisto>Europa/2l: 0 zeros 0 pass (1.0s) totals zeros=119 pass=0 eta 0.6 min
2026-10-07T11:10:10+00:00 [532/665] k4|LEuropa>Europa/1h|LEuropa>Callisto/2l|LCallisto>Europa/0s: 0 zeros 0 pass (0.4s) totals zeros=119 pass=0 eta 0.6 min
2026-10-07T11:10:10+00:00 [533/665] k4|LEuropa>Europa/1h|LEuropa>Callisto/2l|LCallisto>Europa/1h: 0 zeros 0 pass (0.4s) totals zeros=119 pass=0 eta 0.6 min
2026-10-07T11:10:11+00:00 [534/665] k4|LEuropa>Europa/1h|LEuropa>Callisto/2l|LCallisto>Europa/2h: 0 zeros 0 pass (0.4s) totals zeros=119 pass=0 eta 0.5 min
2026-10-07T11:10:11+00:00 [535/665] k4|LEuropa>Europa/1h|LEuropa>Callisto/2l|HCallisto/1,0,p|LCallisto>Europa/1l: 0 zeros 0 pass (0.3s) totals zeros=119 pass=0 eta 0.5 min
2026-10-07T11:10:11+00:00 [536/665] k4|LEuropa>Europa/1h|LEuropa>Callisto/2l|HCallisto/1,0,p|LCallisto>Europa/2l: 0 zeros 0 pass (0.3s) totals zeros=119 pass=0 eta 0.5 min
2026-10-07T11:10:11+00:00 [537/665] k4|LEuropa>Europa/1h|LEuropa>Callisto/2l|HCallisto/1,0,a|LCallisto>Europa/0s: 0 zeros 0 pass (0.3s) totals zeros=119 pass=0 eta 0.5 min
2026-10-07T11:10:12+00:00 [538/665] k4|LEuropa>Europa/1h|LEuropa>Callisto/2l|HCallisto/1,0,a|LCallisto>Europa/1h: 0 zeros 0 pass (0.3s) totals zeros=119 pass=0 eta 0.5 min
2026-10-07T11:10:12+00:00 [539/665] k4|LEuropa>Europa/1h|LEuropa>Callisto/2l|HCallisto/1,0,a|LCallisto>Europa/2h: 0 zeros 0 pass (0.3s) totals zeros=119 pass=0 eta 0.5 min
2026-10-07T11:10:13+00:00 [540/665] k4|LEuropa>Europa/1h|LEuropa>Callisto/2l|LCallisto>Callisto/1l|LCallisto>Europa/1l: 0 zeros 0 pass (1.1s) totals zeros=119 pass=0 eta 0.5 min
2026-10-07T11:10:14+00:00 [541/665] k4|LEuropa>Europa/1h|LEuropa>Callisto/2l|LCallisto>Callisto/1l|LCallisto>Europa/2l: 0 zeros 0 pass (1.2s) totals zeros=119 pass=0 eta 0.5 min
2026-10-07T11:10:15+00:00 [542/665] k4|LEuropa>Europa/1h|LEuropa>Callisto/2l|LCallisto>Callisto/1h|LCallisto>Europa/0s: 0 zeros 0 pass (1.1s) totals zeros=119 pass=0 eta 0.5 min
2026-10-07T11:10:17+00:00 [543/665] k4|LEuropa>Europa/1h|LEuropa>Callisto/2l|LCallisto>Callisto/1h|LCallisto>Europa/1h: 0 zeros 0 pass (1.1s) totals zeros=119 pass=0 eta 0.5 min
2026-10-07T11:10:18+00:00 [544/665] k4|LEuropa>Europa/1h|LEuropa>Callisto/2l|LCallisto>Callisto/1h|LCallisto>Europa/2h: 0 zeros 0 pass (1.1s) totals zeros=119 pass=0 eta 0.5 min
2026-10-07T11:10:18+00:00 [545/665] k4|LEuropa>Europa/1h|LEuropa>Callisto/2h|LCallisto>Europa/1l: 0 zeros 0 pass (0.4s) totals zeros=119 pass=0 eta 0.5 min
2026-10-07T11:10:19+00:00 [546/665] k4|LEuropa>Europa/1h|LEuropa>Callisto/2h|LCallisto>Europa/2l: 0 zeros 0 pass (0.4s) totals zeros=119 pass=0 eta 0.5 min
2026-10-07T11:10:19+00:00 [547/665] k4|LEuropa>Europa/1h|LEuropa>Callisto/2h|HCallisto/1,0,p|LCallisto>Europa/0s: 0 zeros 0 pass (0.3s) totals zeros=119 pass=0 eta 0.5 min
2026-10-07T11:10:19+00:00 [548/665] k4|LEuropa>Europa/1h|LEuropa>Callisto/2h|HCallisto/1,0,p|LCallisto>Europa/1h: 0 zeros 0 pass (0.3s) totals zeros=119 pass=0 eta 0.5 min
2026-10-07T11:10:19+00:00 [549/665] k4|LEuropa>Europa/1h|LEuropa>Callisto/2h|HCallisto/1,0,p|LCallisto>Europa/2h: 0 zeros 0 pass (0.3s) totals zeros=119 pass=0 eta 0.5 min
2026-10-07T11:10:20+00:00 [550/665] k4|LEuropa>Europa/1h|LEuropa>Callisto/2h|HCallisto/1,0,a|LCallisto>Europa/1l: 0 zeros 0 pass (0.3s) totals zeros=119 pass=0 eta 0.5 min
2026-10-07T11:10:20+00:00 [551/665] k4|LEuropa>Europa/1h|LEuropa>Callisto/2h|HCallisto/1,0,a|LCallisto>Europa/2l: 0 zeros 0 pass (0.3s) totals zeros=119 pass=0 eta 0.5 min
2026-10-07T11:10:21+00:00 [552/665] k4|LEuropa>Europa/1h|LEuropa>Callisto/2h|LCallisto>Callisto/1l|LCallisto>Europa/0s: 0 zeros 0 pass (1.2s) totals zeros=119 pass=0 eta 0.5 min
2026-10-07T11:10:22+00:00 [553/665] k4|LEuropa>Europa/1h|LEuropa>Callisto/2h|LCallisto>Callisto/1l|LCallisto>Europa/1h: 0 zeros 0 pass (1.2s) totals zeros=119 pass=0 eta 0.5 min
2026-10-07T11:10:23+00:00 [554/665] k4|LEuropa>Europa/1h|LEuropa>Callisto/2h|LCallisto>Callisto/1l|LCallisto>Europa/2h: 0 zeros 0 pass (1.1s) totals zeros=119 pass=0 eta 0.5 min
2026-10-07T11:10:25+00:00 [555/665] k4|LEuropa>Europa/1h|LEuropa>Callisto/2h|LCallisto>Callisto/1h|LCallisto>Europa/1l: 0 zeros 0 pass (1.3s) totals zeros=119 pass=0 eta 0.5 min
2026-10-07T11:10:26+00:00 [556/665] k4|LEuropa>Europa/1h|LEuropa>Callisto/2h|LCallisto>Callisto/1h|LCallisto>Europa/2l: 0 zeros 0 pass (1.2s) totals zeros=119 pass=0 eta 0.5 min
2026-10-07T11:10:27+00:00 [557/665] k4|LEuropa>Europa/2l|LEuropa>Callisto/0s|LCallisto>Europa/0s: 6 zeros 0 pass (1.2s) totals zeros=125 pass=0 eta 0.5 min
2026-10-07T11:10:28+00:00 [558/665] k4|LEuropa>Europa/2l|LEuropa>Callisto/0s|LCallisto>Europa/1h: 1 zeros 0 pass (0.6s) totals zeros=126 pass=0 eta 0.5 min
2026-10-07T11:10:28+00:00 [559/665] k4|LEuropa>Europa/2l|LEuropa>Callisto/0s|LCallisto>Europa/2h: 0 zeros 0 pass (0.4s) totals zeros=126 pass=0 eta 0.5 min
2026-10-07T11:10:28+00:00 [560/665] k4|LEuropa>Europa/2l|LEuropa>Callisto/0s|HCallisto/1,0,p|LCallisto>Europa/1l: 0 zeros 0 pass (0.3s) totals zeros=126 pass=0 eta 0.5 min
2026-10-07T11:10:29+00:00 [561/665] k4|LEuropa>Europa/2l|LEuropa>Callisto/0s|HCallisto/1,0,p|LCallisto>Europa/2l: 0 zeros 0 pass (0.4s) totals zeros=126 pass=0 eta 0.5 min
2026-10-07T11:10:30+00:00 [562/665] k4|LEuropa>Europa/2l|LEuropa>Callisto/0s|HCallisto/1,0,a|LCallisto>Europa/0s: 4 zeros 0 pass (1.6s) totals zeros=130 pass=0 eta 0.5 min
2026-10-07T11:10:31+00:00 [563/665] k4|LEuropa>Europa/2l|LEuropa>Callisto/0s|HCallisto/1,0,a|LCallisto>Europa/1h: 0 zeros 0 pass (0.3s) totals zeros=130 pass=0 eta 0.5 min
2026-10-07T11:10:31+00:00 [564/665] k4|LEuropa>Europa/2l|LEuropa>Callisto/0s|HCallisto/1,0,a|LCallisto>Europa/2h: 0 zeros 0 pass (0.3s) totals zeros=130 pass=0 eta 0.5 min
2026-10-07T11:10:32+00:00 [565/665] k4|LEuropa>Europa/2l|LEuropa>Callisto/0s|LCallisto>Callisto/1l|LCallisto>Europa/1l: 0 zeros 0 pass (1.2s) totals zeros=130 pass=0 eta 0.5 min
2026-10-07T11:10:33+00:00 [566/665] k4|LEuropa>Europa/2l|LEuropa>Callisto/0s|LCallisto>Callisto/1l|LCallisto>Europa/2l: 0 zeros 0 pass (1.2s) totals zeros=130 pass=0 eta 0.5 min
2026-10-07T11:10:35+00:00 [567/665] k4|LEuropa>Europa/2l|LEuropa>Callisto/0s|LCallisto>Callisto/1h|LCallisto>Europa/0s: 0 zeros 0 pass (1.2s) totals zeros=130 pass=0 eta 0.5 min
2026-10-07T11:10:36+00:00 [568/665] k4|LEuropa>Europa/2l|LEuropa>Callisto/0s|LCallisto>Callisto/1h|LCallisto>Europa/1h: 0 zeros 0 pass (1.2s) totals zeros=130 pass=0 eta 0.5 min
2026-10-07T11:10:37+00:00 [569/665] k4|LEuropa>Europa/2l|LEuropa>Callisto/0s|LCallisto>Callisto/1h|LCallisto>Europa/2h: 0 zeros 0 pass (1.3s) totals zeros=130 pass=0 eta 0.5 min
2026-10-07T11:10:38+00:00 [570/665] k4|LEuropa>Europa/2l|LEuropa>Callisto/1l|LCallisto>Europa/1l: 0 zeros 0 pass (0.4s) totals zeros=130 pass=0 eta 0.4 min
2026-10-07T11:10:38+00:00 [571/665] k4|LEuropa>Europa/2l|LEuropa>Callisto/1l|LCallisto>Europa/2l: 0 zeros 0 pass (0.4s) totals zeros=130 pass=0 eta 0.4 min
2026-10-07T11:10:38+00:00 [572/665] k4|LEuropa>Europa/2l|LEuropa>Callisto/1l|HCallisto/1,0,p|LCallisto>Europa/0s: 0 zeros 0 pass (0.3s) totals zeros=130 pass=0 eta 0.4 min
2026-10-07T11:10:39+00:00 [573/665] k4|LEuropa>Europa/2l|LEuropa>Callisto/1l|HCallisto/1,0,p|LCallisto>Europa/1h: 0 zeros 0 pass (0.3s) totals zeros=130 pass=0 eta 0.4 min
2026-10-07T11:10:39+00:00 [574/665] k4|LEuropa>Europa/2l|LEuropa>Callisto/1l|HCallisto/1,0,p|LCallisto>Europa/2h: 0 zeros 0 pass (0.3s) totals zeros=130 pass=0 eta 0.4 min
2026-10-07T11:10:39+00:00 [575/665] k4|LEuropa>Europa/2l|LEuropa>Callisto/1l|HCallisto/1,0,a|LCallisto>Europa/1l: 0 zeros 0 pass (0.3s) totals zeros=130 pass=0 eta 0.4 min
2026-10-07T11:10:39+00:00 [576/665] k4|LEuropa>Europa/2l|LEuropa>Callisto/1l|HCallisto/1,0,a|LCallisto>Europa/2l: 0 zeros 0 pass (0.3s) totals zeros=130 pass=0 eta 0.4 min
2026-10-07T11:10:41+00:00 [577/665] k4|LEuropa>Europa/2l|LEuropa>Callisto/1l|LCallisto>Callisto/1l|LCallisto>Europa/0s: 0 zeros 0 pass (1.1s) totals zeros=130 pass=0 eta 0.4 min
2026-10-07T11:10:42+00:00 [578/665] k4|LEuropa>Europa/2l|LEuropa>Callisto/1l|LCallisto>Callisto/1l|LCallisto>Europa/1h: 0 zeros 0 pass (1.0s) totals zeros=130 pass=0 eta 0.4 min
2026-10-07T11:10:43+00:00 [579/665] k4|LEuropa>Europa/2l|LEuropa>Callisto/1l|LCallisto>Callisto/1l|LCallisto>Europa/2h: 0 zeros 0 pass (1.2s) totals zeros=130 pass=0 eta 0.4 min
2026-10-07T11:10:44+00:00 [580/665] k4|LEuropa>Europa/2l|LEuropa>Callisto/1l|LCallisto>Callisto/1h|LCallisto>Europa/1l: 0 zeros 0 pass (1.1s) totals zeros=130 pass=0 eta 0.4 min
2026-10-07T11:10:45+00:00 [581/665] k4|LEuropa>Europa/2l|LEuropa>Callisto/1l|LCallisto>Callisto/1h|LCallisto>Europa/2l: 0 zeros 0 pass (1.6s) totals zeros=130 pass=0 eta 0.4 min
2026-10-07T11:10:46+00:00 [582/665] k4|LEuropa>Europa/2l|LEuropa>Callisto/1h|LCallisto>Europa/0s: 1 zeros 0 pass (0.9s) totals zeros=131 pass=0 eta 0.4 min
2026-10-07T11:10:47+00:00 [583/665] k4|LEuropa>Europa/2l|LEuropa>Callisto/1h|LCallisto>Europa/1h: 0 zeros 0 pass (0.5s) totals zeros=131 pass=0 eta 0.4 min
2026-10-07T11:10:47+00:00 [584/665] k4|LEuropa>Europa/2l|LEuropa>Callisto/1h|LCallisto>Europa/2h: 0 zeros 0 pass (0.4s) totals zeros=131 pass=0 eta 0.4 min
2026-10-07T11:10:47+00:00 [585/665] k4|LEuropa>Europa/2l|LEuropa>Callisto/1h|HCallisto/1,0,p|LCallisto>Europa/1l: 0 zeros 0 pass (0.3s) totals zeros=131 pass=0 eta 0.4 min
2026-10-07T11:10:48+00:00 [586/665] k4|LEuropa>Europa/2l|LEuropa>Callisto/1h|HCallisto/1,0,p|LCallisto>Europa/2l: 0 zeros 0 pass (0.3s) totals zeros=131 pass=0 eta 0.4 min
2026-10-07T11:10:48+00:00 [587/665] k4|LEuropa>Europa/2l|LEuropa>Callisto/1h|HCallisto/1,0,a|LCallisto>Europa/0s: 0 zeros 0 pass (0.3s) totals zeros=131 pass=0 eta 0.4 min
2026-10-07T11:10:48+00:00 [588/665] k4|LEuropa>Europa/2l|LEuropa>Callisto/1h|HCallisto/1,0,a|LCallisto>Europa/1h: 0 zeros 0 pass (0.3s) totals zeros=131 pass=0 eta 0.4 min
2026-10-07T11:10:49+00:00 [589/665] k4|LEuropa>Europa/2l|LEuropa>Callisto/1h|HCallisto/1,0,a|LCallisto>Europa/2h: 0 zeros 0 pass (0.3s) totals zeros=131 pass=0 eta 0.4 min
2026-10-07T11:10:50+00:00 [590/665] k4|LEuropa>Europa/2l|LEuropa>Callisto/1h|LCallisto>Callisto/1l|LCallisto>Europa/1l: 0 zeros 0 pass (1.1s) totals zeros=131 pass=0 eta 0.4 min
2026-10-07T11:10:51+00:00 [591/665] k4|LEuropa>Europa/2l|LEuropa>Callisto/1h|LCallisto>Callisto/1l|LCallisto>Europa/2l: 0 zeros 0 pass (1.1s) totals zeros=131 pass=0 eta 0.4 min
2026-10-07T11:10:52+00:00 [592/665] k4|LEuropa>Europa/2l|LEuropa>Callisto/1h|LCallisto>Callisto/1h|LCallisto>Europa/0s: 0 zeros 0 pass (1.0s) totals zeros=131 pass=0 eta 0.4 min
2026-10-07T11:10:53+00:00 [593/665] k4|LEuropa>Europa/2l|LEuropa>Callisto/1h|LCallisto>Callisto/1h|LCallisto>Europa/1h: 0 zeros 0 pass (1.1s) totals zeros=131 pass=0 eta 0.4 min
2026-10-07T11:10:54+00:00 [594/665] k4|LEuropa>Europa/2l|LEuropa>Callisto/1h|LCallisto>Callisto/1h|LCallisto>Europa/2h: 0 zeros 0 pass (1.2s) totals zeros=131 pass=0 eta 0.4 min
2026-10-07T11:10:54+00:00 [595/665] k4|LEuropa>Europa/2l|LEuropa>Callisto/2l|LCallisto>Europa/1l: 0 zeros 0 pass (0.4s) totals zeros=131 pass=0 eta 0.3 min
2026-10-07T11:10:55+00:00 [596/665] k4|LEuropa>Europa/2l|LEuropa>Callisto/2l|LCallisto>Europa/2l: 0 zeros 0 pass (0.4s) totals zeros=131 pass=0 eta 0.3 min
2026-10-07T11:10:55+00:00 [597/665] k4|LEuropa>Europa/2l|LEuropa>Callisto/2l|HCallisto/1,0,p|LCallisto>Europa/0s: 0 zeros 0 pass (0.3s) totals zeros=131 pass=0 eta 0.3 min
2026-10-07T11:10:55+00:00 [598/665] k4|LEuropa>Europa/2l|LEuropa>Callisto/2l|HCallisto/1,0,p|LCallisto>Europa/1h: 0 zeros 0 pass (0.3s) totals zeros=131 pass=0 eta 0.3 min
2026-10-07T11:10:56+00:00 [599/665] k4|LEuropa>Europa/2l|LEuropa>Callisto/2l|HCallisto/1,0,a|LCallisto>Europa/1l: 0 zeros 0 pass (0.3s) totals zeros=131 pass=0 eta 0.3 min
2026-10-07T11:10:57+00:00 [600/665] k4|LEuropa>Europa/2l|LEuropa>Callisto/2l|LCallisto>Callisto/1l|LCallisto>Europa/0s: 0 zeros 0 pass (1.2s) totals zeros=131 pass=0 eta 0.3 min
2026-10-07T11:10:58+00:00 [601/665] k4|LEuropa>Europa/2l|LEuropa>Callisto/2l|LCallisto>Callisto/1l|LCallisto>Europa/1h: 0 zeros 0 pass (1.2s) totals zeros=131 pass=0 eta 0.3 min
2026-10-07T11:10:59+00:00 [602/665] k4|LEuropa>Europa/2l|LEuropa>Callisto/2l|LCallisto>Callisto/1h|LCallisto>Europa/1l: 0 zeros 0 pass (1.2s) totals zeros=131 pass=0 eta 0.3 min
2026-10-07T11:11:00+00:00 [603/665] k4|LEuropa>Europa/2l|LEuropa>Callisto/2h|LCallisto>Europa/0s: 0 zeros 0 pass (0.4s) totals zeros=131 pass=0 eta 0.3 min
2026-10-07T11:11:00+00:00 [604/665] k4|LEuropa>Europa/2l|LEuropa>Callisto/2h|LCallisto>Europa/1h: 0 zeros 0 pass (0.4s) totals zeros=131 pass=0 eta 0.3 min
2026-10-07T11:11:01+00:00 [605/665] k4|LEuropa>Europa/2l|LEuropa>Callisto/2h|LCallisto>Europa/2h: 0 zeros 0 pass (0.4s) totals zeros=131 pass=0 eta 0.3 min
2026-10-07T11:11:01+00:00 [606/665] k4|LEuropa>Europa/2l|LEuropa>Callisto/2h|HCallisto/1,0,p|LCallisto>Europa/1l: 0 zeros 0 pass (0.4s) totals zeros=131 pass=0 eta 0.3 min
2026-10-07T11:11:01+00:00 [607/665] k4|LEuropa>Europa/2l|LEuropa>Callisto/2h|HCallisto/1,0,a|LCallisto>Europa/0s: 0 zeros 0 pass (0.3s) totals zeros=131 pass=0 eta 0.3 min
2026-10-07T11:11:02+00:00 [608/665] k4|LEuropa>Europa/2l|LEuropa>Callisto/2h|HCallisto/1,0,a|LCallisto>Europa/1h: 0 zeros 0 pass (0.3s) totals zeros=131 pass=0 eta 0.3 min
2026-10-07T11:11:03+00:00 [609/665] k4|LEuropa>Europa/2l|LEuropa>Callisto/2h|LCallisto>Callisto/1l|LCallisto>Europa/1l: 0 zeros 0 pass (1.2s) totals zeros=131 pass=0 eta 0.3 min
2026-10-07T11:11:04+00:00 [610/665] k4|LEuropa>Europa/2l|LEuropa>Callisto/2h|LCallisto>Callisto/1h|LCallisto>Europa/0s: 0 zeros 0 pass (1.1s) totals zeros=131 pass=0 eta 0.3 min
2026-10-07T11:11:05+00:00 [611/665] k4|LEuropa>Europa/2l|LEuropa>Callisto/2h|LCallisto>Callisto/1h|LCallisto>Europa/1h: 0 zeros 0 pass (1.2s) totals zeros=131 pass=0 eta 0.3 min
2026-10-07T11:11:06+00:00 [612/665] k4|LEuropa>Europa/2h|LEuropa>Callisto/0s|LCallisto>Europa/1l: 0 zeros 0 pass (0.5s) totals zeros=131 pass=0 eta 0.3 min
2026-10-07T11:11:06+00:00 [613/665] k4|LEuropa>Europa/2h|LEuropa>Callisto/0s|LCallisto>Europa/2l: 0 zeros 0 pass (0.4s) totals zeros=131 pass=0 eta 0.3 min
2026-10-07T11:11:08+00:00 [614/665] k4|LEuropa>Europa/2h|LEuropa>Callisto/0s|HCallisto/1,0,p|LCallisto>Europa/0s: 2 zeros 0 pass (1.6s) totals zeros=133 pass=0 eta 0.3 min
2026-10-07T11:11:08+00:00 [615/665] k4|LEuropa>Europa/2h|LEuropa>Callisto/0s|HCallisto/1,0,p|LCallisto>Europa/1h: 0 zeros 0 pass (0.3s) totals zeros=133 pass=0 eta 0.3 min
2026-10-07T11:11:08+00:00 [616/665] k4|LEuropa>Europa/2h|LEuropa>Callisto/0s|HCallisto/1,0,p|LCallisto>Europa/2h: 0 zeros 0 pass (0.4s) totals zeros=133 pass=0 eta 0.3 min
2026-10-07T11:11:09+00:00 [617/665] k4|LEuropa>Europa/2h|LEuropa>Callisto/0s|HCallisto/1,0,a|LCallisto>Europa/1l: 0 zeros 0 pass (0.3s) totals zeros=133 pass=0 eta 0.2 min
2026-10-07T11:11:09+00:00 [618/665] k4|LEuropa>Europa/2h|LEuropa>Callisto/0s|HCallisto/1,0,a|LCallisto>Europa/2l: 0 zeros 0 pass (0.4s) totals zeros=133 pass=0 eta 0.2 min
2026-10-07T11:11:10+00:00 [619/665] k4|LEuropa>Europa/2h|LEuropa>Callisto/0s|LCallisto>Callisto/1l|LCallisto>Europa/0s: 0 zeros 0 pass (1.2s) totals zeros=133 pass=0 eta 0.2 min
2026-10-07T11:11:12+00:00 [620/665] k4|LEuropa>Europa/2h|LEuropa>Callisto/0s|LCallisto>Callisto/1l|LCallisto>Europa/1h: 0 zeros 0 pass (1.2s) totals zeros=133 pass=0 eta 0.2 min
2026-10-07T11:11:13+00:00 [621/665] k4|LEuropa>Europa/2h|LEuropa>Callisto/0s|LCallisto>Callisto/1l|LCallisto>Europa/2h: 0 zeros 0 pass (1.2s) totals zeros=133 pass=0 eta 0.2 min
2026-10-07T11:11:14+00:00 [622/665] k4|LEuropa>Europa/2h|LEuropa>Callisto/0s|LCallisto>Callisto/1h|LCallisto>Europa/1l: 0 zeros 0 pass (1.2s) totals zeros=133 pass=0 eta 0.2 min
2026-10-07T11:11:15+00:00 [623/665] k4|LEuropa>Europa/2h|LEuropa>Callisto/0s|LCallisto>Callisto/1h|LCallisto>Europa/2l: 0 zeros 0 pass (1.2s) totals zeros=133 pass=0 eta 0.2 min
2026-10-07T11:11:16+00:00 [624/665] k4|LEuropa>Europa/2h|LEuropa>Callisto/1l|LCallisto>Europa/0s: 0 zeros 0 pass (0.6s) totals zeros=133 pass=0 eta 0.2 min
2026-10-07T11:11:16+00:00 [625/665] k4|LEuropa>Europa/2h|LEuropa>Callisto/1l|LCallisto>Europa/1h: 0 zeros 0 pass (0.4s) totals zeros=133 pass=0 eta 0.2 min
2026-10-07T11:11:16+00:00 [626/665] k4|LEuropa>Europa/2h|LEuropa>Callisto/1l|LCallisto>Europa/2h: 0 zeros 0 pass (0.4s) totals zeros=133 pass=0 eta 0.2 min
2026-10-07T11:11:17+00:00 [627/665] k4|LEuropa>Europa/2h|LEuropa>Callisto/1l|HCallisto/1,0,p|LCallisto>Europa/1l: 0 zeros 0 pass (0.3s) totals zeros=133 pass=0 eta 0.2 min
2026-10-07T11:11:17+00:00 [628/665] k4|LEuropa>Europa/2h|LEuropa>Callisto/1l|HCallisto/1,0,p|LCallisto>Europa/2l: 0 zeros 0 pass (0.3s) totals zeros=133 pass=0 eta 0.2 min
2026-10-07T11:11:17+00:00 [629/665] k4|LEuropa>Europa/2h|LEuropa>Callisto/1l|HCallisto/1,0,a|LCallisto>Europa/0s: 0 zeros 0 pass (0.3s) totals zeros=133 pass=0 eta 0.2 min
2026-10-07T11:11:18+00:00 [630/665] k4|LEuropa>Europa/2h|LEuropa>Callisto/1l|HCallisto/1,0,a|LCallisto>Europa/1h: 0 zeros 0 pass (0.3s) totals zeros=133 pass=0 eta 0.2 min
2026-10-07T11:11:18+00:00 [631/665] k4|LEuropa>Europa/2h|LEuropa>Callisto/1l|HCallisto/1,0,a|LCallisto>Europa/2h: 0 zeros 0 pass (0.3s) totals zeros=133 pass=0 eta 0.2 min
2026-10-07T11:11:19+00:00 [632/665] k4|LEuropa>Europa/2h|LEuropa>Callisto/1l|LCallisto>Callisto/1l|LCallisto>Europa/1l: 0 zeros 0 pass (1.1s) totals zeros=133 pass=0 eta 0.2 min
2026-10-07T11:11:20+00:00 [633/665] k4|LEuropa>Europa/2h|LEuropa>Callisto/1l|LCallisto>Callisto/1l|LCallisto>Europa/2l: 0 zeros 0 pass (1.1s) totals zeros=133 pass=0 eta 0.2 min
2026-10-07T11:11:21+00:00 [634/665] k4|LEuropa>Europa/2h|LEuropa>Callisto/1l|LCallisto>Callisto/1h|LCallisto>Europa/0s: 0 zeros 0 pass (1.1s) totals zeros=133 pass=0 eta 0.2 min
2026-10-07T11:11:22+00:00 [635/665] k4|LEuropa>Europa/2h|LEuropa>Callisto/1l|LCallisto>Callisto/1h|LCallisto>Europa/1h: 0 zeros 0 pass (1.1s) totals zeros=133 pass=0 eta 0.2 min
2026-10-07T11:11:24+00:00 [636/665] k4|LEuropa>Europa/2h|LEuropa>Callisto/1l|LCallisto>Callisto/1h|LCallisto>Europa/2h: 0 zeros 0 pass (1.1s) totals zeros=133 pass=0 eta 0.2 min
2026-10-07T11:11:24+00:00 [637/665] k4|LEuropa>Europa/2h|LEuropa>Callisto/1h|LCallisto>Europa/1l: 0 zeros 0 pass (0.4s) totals zeros=133 pass=0 eta 0.2 min
2026-10-07T11:11:24+00:00 [638/665] k4|LEuropa>Europa/2h|LEuropa>Callisto/1h|LCallisto>Europa/2l: 0 zeros 0 pass (0.4s) totals zeros=133 pass=0 eta 0.1 min
2026-10-07T11:11:25+00:00 [639/665] k4|LEuropa>Europa/2h|LEuropa>Callisto/1h|HCallisto/1,0,p|LCallisto>Europa/0s: 0 zeros 0 pass (0.3s) totals zeros=133 pass=0 eta 0.1 min
2026-10-07T11:11:25+00:00 [640/665] k4|LEuropa>Europa/2h|LEuropa>Callisto/1h|HCallisto/1,0,p|LCallisto>Europa/1h: 0 zeros 0 pass (0.3s) totals zeros=133 pass=0 eta 0.1 min
2026-10-07T11:11:25+00:00 [641/665] k4|LEuropa>Europa/2h|LEuropa>Callisto/1h|HCallisto/1,0,p|LCallisto>Europa/2h: 0 zeros 0 pass (0.3s) totals zeros=133 pass=0 eta 0.1 min
2026-10-07T11:11:25+00:00 [642/665] k4|LEuropa>Europa/2h|LEuropa>Callisto/1h|HCallisto/1,0,a|LCallisto>Europa/1l: 0 zeros 0 pass (0.3s) totals zeros=133 pass=0 eta 0.1 min
2026-10-07T11:11:26+00:00 [643/665] k4|LEuropa>Europa/2h|LEuropa>Callisto/1h|HCallisto/1,0,a|LCallisto>Europa/2l: 0 zeros 0 pass (0.3s) totals zeros=133 pass=0 eta 0.1 min
2026-10-07T11:11:27+00:00 [644/665] k4|LEuropa>Europa/2h|LEuropa>Callisto/1h|LCallisto>Callisto/1l|LCallisto>Europa/0s: 0 zeros 0 pass (1.1s) totals zeros=133 pass=0 eta 0.1 min
2026-10-07T11:11:28+00:00 [645/665] k4|LEuropa>Europa/2h|LEuropa>Callisto/1h|LCallisto>Callisto/1l|LCallisto>Europa/1h: 0 zeros 0 pass (1.1s) totals zeros=133 pass=0 eta 0.1 min
2026-10-07T11:11:29+00:00 [646/665] k4|LEuropa>Europa/2h|LEuropa>Callisto/1h|LCallisto>Callisto/1l|LCallisto>Europa/2h: 0 zeros 0 pass (1.1s) totals zeros=133 pass=0 eta 0.1 min
2026-10-07T11:11:30+00:00 [647/665] k4|LEuropa>Europa/2h|LEuropa>Callisto/1h|LCallisto>Callisto/1h|LCallisto>Europa/1l: 0 zeros 0 pass (1.1s) totals zeros=133 pass=0 eta 0.1 min
2026-10-07T11:11:31+00:00 [648/665] k4|LEuropa>Europa/2h|LEuropa>Callisto/1h|LCallisto>Callisto/1h|LCallisto>Europa/2l: 0 zeros 0 pass (1.1s) totals zeros=133 pass=0 eta 0.1 min
2026-10-07T11:11:32+00:00 [649/665] k4|LEuropa>Europa/2h|LEuropa>Callisto/2l|LCallisto>Europa/0s: 0 zeros 0 pass (0.4s) totals zeros=133 pass=0 eta 0.1 min
2026-10-07T11:11:32+00:00 [650/665] k4|LEuropa>Europa/2h|LEuropa>Callisto/2l|LCallisto>Europa/1h: 0 zeros 0 pass (0.4s) totals zeros=133 pass=0 eta 0.1 min
2026-10-07T11:11:33+00:00 [651/665] k4|LEuropa>Europa/2h|LEuropa>Callisto/2l|LCallisto>Europa/2h: 0 zeros 0 pass (0.4s) totals zeros=133 pass=0 eta 0.1 min
2026-10-07T11:11:33+00:00 [652/665] k4|LEuropa>Europa/2h|LEuropa>Callisto/2l|HCallisto/1,0,p|LCallisto>Europa/1l: 0 zeros 0 pass (0.3s) totals zeros=133 pass=0 eta 0.1 min
2026-10-07T11:11:33+00:00 [653/665] k4|LEuropa>Europa/2h|LEuropa>Callisto/2l|HCallisto/1,0,a|LCallisto>Europa/0s: 0 zeros 0 pass (0.3s) totals zeros=133 pass=0 eta 0.1 min
2026-10-07T11:11:34+00:00 [654/665] k4|LEuropa>Europa/2h|LEuropa>Callisto/2l|HCallisto/1,0,a|LCallisto>Europa/1h: 0 zeros 0 pass (0.3s) totals zeros=133 pass=0 eta 0.1 min
2026-10-07T11:11:35+00:00 [655/665] k4|LEuropa>Europa/2h|LEuropa>Callisto/2l|LCallisto>Callisto/1l|LCallisto>Europa/1l: 0 zeros 0 pass (1.2s) totals zeros=133 pass=0 eta 0.1 min
2026-10-07T11:11:36+00:00 [656/665] k4|LEuropa>Europa/2h|LEuropa>Callisto/2l|LCallisto>Callisto/1h|LCallisto>Europa/0s: 0 zeros 0 pass (1.2s) totals zeros=133 pass=0 eta 0.1 min
2026-10-07T11:11:37+00:00 [657/665] k4|LEuropa>Europa/2h|LEuropa>Callisto/2l|LCallisto>Callisto/1h|LCallisto>Europa/1h: 0 zeros 0 pass (1.2s) totals zeros=133 pass=0 eta 0.0 min
2026-10-07T11:11:37+00:00 [658/665] k4|LEuropa>Europa/2h|LEuropa>Callisto/2h|LCallisto>Europa/1l: 0 zeros 0 pass (0.4s) totals zeros=133 pass=0 eta 0.0 min
2026-10-07T11:11:38+00:00 [659/665] k4|LEuropa>Europa/2h|LEuropa>Callisto/2h|LCallisto>Europa/2l: 0 zeros 0 pass (0.4s) totals zeros=133 pass=0 eta 0.0 min
2026-10-07T11:11:38+00:00 [660/665] k4|LEuropa>Europa/2h|LEuropa>Callisto/2h|HCallisto/1,0,p|LCallisto>Europa/0s: 0 zeros 0 pass (0.3s) totals zeros=133 pass=0 eta 0.0 min
2026-10-07T11:11:38+00:00 [661/665] k4|LEuropa>Europa/2h|LEuropa>Callisto/2h|HCallisto/1,0,p|LCallisto>Europa/1h: 0 zeros 0 pass (0.3s) totals zeros=133 pass=0 eta 0.0 min
2026-10-07T11:11:39+00:00 [662/665] k4|LEuropa>Europa/2h|LEuropa>Callisto/2h|HCallisto/1,0,a|LCallisto>Europa/1l: 0 zeros 0 pass (0.3s) totals zeros=133 pass=0 eta 0.0 min
2026-10-07T11:11:40+00:00 [663/665] k4|LEuropa>Europa/2h|LEuropa>Callisto/2h|LCallisto>Callisto/1l|LCallisto>Europa/0s: 0 zeros 0 pass (1.2s) totals zeros=133 pass=0 eta 0.0 min
2026-10-07T11:11:41+00:00 [664/665] k4|LEuropa>Europa/2h|LEuropa>Callisto/2h|LCallisto>Callisto/1l|LCallisto>Europa/1h: 0 zeros 0 pass (1.2s) totals zeros=133 pass=0 eta 0.0 min
2026-10-07T11:11:42+00:00 [665/665] k4|LEuropa>Europa/2h|LEuropa>Callisto/2h|LCallisto>Callisto/1h|LCallisto>Europa/1l: 0 zeros 0 pass (1.2s) totals zeros=133 pass=0 eta 0.0 min
2026-10-07T11:11:42+00:00 DONE structures=665 zeros=133 pass=0 structure_errors=0 zero_assessment_errors=0
