{
  "partition": "C",
  "seed_index": 0,
  "seed": 583003,
  "band": "paper",
  "own_target_families": [
    "C"
  ],
  "own_family_recovered_this_seed": true,
  "population_size": 200,
  "fitness_floor": 0.9,
  "distance_threshold": 0.1,
  "n_above_floor": 200,
  "n_clusters": 9,
  "n_bounded": 9,
  "n_unmatched_bounded": 5,
  "clusters": [
    {
      "cluster_rank": 0,
      "population_index": 44,
      "ga_genome": [
        0.0066845,
        0.0,
        0.0,
        -0.02905242401851632,
        0.0,
        0.0,
        5.455064879829843
      ],
      "ga_fitness": 0.9999992507076348,
      "drift": {
        "bounded": true,
        "growth_ratio": 1.005910945202447,
        "trend_fraction": 0.007250852631761723,
        "terminated_early": false,
        "termination_reason": "",
        "n_windows_complete": 50
      },
      "family_matches": [
        "C"
      ],
      "candidate_type": "DRO",
      "ready_for_literature_check": false
    },
    {
      "cluster_rank": 1,
      "population_index": 85,
      "ga_genome": [
        0.0066845,
        0.0,
        0.0,
        -0.029052695266216233,
        0.0,
        0.0,
        0.7693153322906618
      ],
      "ga_fitness": 0.9999992498860535,
      "drift": {
        "bounded": true,
        "growth_ratio": 1.005201872266058,
        "trend_fraction": 0.006421869420599018,
        "terminated_early": false,
        "termination_reason": "",
        "n_windows_complete": 50
      },
      "family_matches": [
        "C"
      ],
      "candidate_type": "DRO",
      "ready_for_literature_check": false
    },
    {
      "cluster_rank": 2,
      "population_index": 14,
      "ga_genome": [
        0.0066845,
        0.0,
        0.0,
        -0.029038941843677057,
        0.0,
        0.0,
        6.239646635643306
      ],
      "ga_fitness": 0.9999992351227742,
      "drift": {
        "bounded": true,
        "growth_ratio": 1.0035852273254124,
        "trend_fraction": 0.004970949012731841,
        "terminated_early": false,
        "termination_reason": "",
        "n_windows_complete": 50
      },
      "family_matches": [
        "C"
      ],
      "candidate_type": "DRO",
      "ready_for_literature_check": false
    },
    {
      "cluster_rank": 3,
      "population_index": 122,
      "ga_genome": [
        0.0066845,
        0.0,
        0.0,
        -0.029037511215786793,
        0.0,
        0.0,
        4.6813378547448695e-08
      ],
      "ga_fitness": 0.9999992310062336,
      "drift": {
        "bounded": true,
        "growth_ratio": 1.003111856345368,
        "trend_fraction": 0.004218409332724497,
        "terminated_early": false,
        "termination_reason": "",
        "n_windows_complete": 50
      },
      "family_matches": [
        "C"
      ],
      "candidate_type": "DRO",
      "ready_for_literature_check": false
    },
    {
      "cluster_rank": 4,
      "population_index": 149,
      "ga_genome": [
        0.0066845,
        0.0,
        0.0,
        -0.0291830211712939,
        0.0,
        0.0,
        4.815459306341477
      ],
      "ga_fitness": 0.9999990630497982,
      "drift": {
        "bounded": true,
        "growth_ratio": 1.0016974138165318,
        "trend_fraction": 0.0006072098828778407,
        "terminated_early": false,
        "termination_reason": "",
        "n_windows_complete": 50
      },
      "family_matches": [],
      "candidate_type": "DRO",
      "candidate_signature": {
        "primary": "Sun",
        "sequence": [
          "E"
        ]
      },
      "literature_anchors_engaged": [
        "Aldrin Earth-Mars cycler",
        "Russell-Ocampo / McConaghy Earth-Mars SnLm cyclers",
        "Jones et al. VEM triple cyclers (Venus-Earth-Mars)",
        "Strange-Russell Tisserand pump-tour graph (2007 AAS 07-277)",
        "Vasile-Conway MGA-DSM optimisation (2006)",
        "Hughes-Edelman-Longuski VEM cycler extensions (2014)",
        "Genova-Aldrin purple Earth-Mars cycler precursors (2015)",
        "McConaghy Earth-Mars cycler dissertation (2004)",
        "McConaghy-Longuski-Byrnes Earth-Mars cycler trajectory class analysis (2004)",
        "McConaghy-Russell-Longuski Earth-Mars cycler standard nomenclature (2005)",
        "Rogers-Hughes-Longuski-Aldrin Earth-Mars cycler establishment trajectories (2015)",
        "Ceriotti GTOC-style MGA chain optimisation (2010)",
        "Vasile-Campagnola MGA-DSM tour optimisation (2009)",
        "Diehl-Kaplan-Penzo / D'Amario-Byrnes Galileo design (1983, pre-Challenger)",
        "D'Amario-Bright-Wolf Galileo VEEGA flown trajectory (1992)",
        "Tito-MacCallum 2018 Mars free-return mission design (2013)",
        "Gurfil-Kasdin 2002 geocentric ER3BP orbit-family catalogue",
        "Sun-Earth co-orbital quasi-satellite / horseshoe dynamics (Cruithne, Kamo'oalewa)",
        "Henon Sun-Earth distant retrograde orbit family f (foundational)"
      ],
      "ready_for_literature_check": true
    },
    {
      "cluster_rank": 5,
      "population_index": 18,
      "ga_genome": [
        0.0066845,
        0.0,
        0.0,
        -0.02918516484303052,
        0.0,
        0.0,
        1.419315747728339
      ],
      "ga_fitness": 0.9999990545344564,
      "drift": {
        "bounded": true,
        "growth_ratio": 1.0014267643121249,
        "trend_fraction": 0.00010594634610764057,
        "terminated_early": false,
        "termination_reason": "",
        "n_windows_complete": 50
      },
      "family_matches": [],
      "candidate_type": "DRO",
      "candidate_signature": {
        "primary": "Sun",
        "sequence": [
          "E"
        ]
      },
      "literature_anchors_engaged": [
        "Aldrin Earth-Mars cycler",
        "Russell-Ocampo / McConaghy Earth-Mars SnLm cyclers",
        "Jones et al. VEM triple cyclers (Venus-Earth-Mars)",
        "Strange-Russell Tisserand pump-tour graph (2007 AAS 07-277)",
        "Vasile-Conway MGA-DSM optimisation (2006)",
        "Hughes-Edelman-Longuski VEM cycler extensions (2014)",
        "Genova-Aldrin purple Earth-Mars cycler precursors (2015)",
        "McConaghy Earth-Mars cycler dissertation (2004)",
        "McConaghy-Longuski-Byrnes Earth-Mars cycler trajectory class analysis (2004)",
        "McConaghy-Russell-Longuski Earth-Mars cycler standard nomenclature (2005)",
        "Rogers-Hughes-Longuski-Aldrin Earth-Mars cycler establishment trajectories (2015)",
        "Ceriotti GTOC-style MGA chain optimisation (2010)",
        "Vasile-Campagnola MGA-DSM tour optimisation (2009)",
        "Diehl-Kaplan-Penzo / D'Amario-Byrnes Galileo design (1983, pre-Challenger)",
        "D'Amario-Bright-Wolf Galileo VEEGA flown trajectory (1992)",
        "Tito-MacCallum 2018 Mars free-return mission design (2013)",
        "Gurfil-Kasdin 2002 geocentric ER3BP orbit-family catalogue",
        "Sun-Earth co-orbital quasi-satellite / horseshoe dynamics (Cruithne, Kamo'oalewa)",
        "Henon Sun-Earth distant retrograde orbit family f (foundational)"
      ],
      "ready_for_literature_check": true
    },
    {
      "cluster_rank": 6,
      "population_index": 82,
      "ga_genome": [
        0.0066845,
        0.0,
        0.0,
        -0.029427114997391368,
        0.0,
        0.0,
        3.6784559681810434
      ],
      "ga_fitness": 0.9999989920727742,
      "drift": {
        "bounded": true,
        "growth_ratio": 1.00010341911833,
        "trend_fraction": 0.00020974848859506436,
        "terminated_early": false,
        "termination_reason": "",
        "n_windows_complete": 50
      },
      "family_matches": [],
      "candidate_type": "DRO",
      "candidate_signature": {
        "primary": "Sun",
        "sequence": [
          "E"
        ]
      },