{
  "partition": "G",
  "seed_index": 1,
  "seed": 584017,
  "band": "paper",
  "own_target_families": [
    "G"
  ],
  "own_family_recovered_this_seed": true,
  "population_size": 200,
  "fitness_floor": 0.9,
  "distance_threshold": 0.1,
  "n_above_floor": 200,
  "n_clusters": 9,
  "n_bounded": 8,
  "n_unmatched_bounded": 4,
  "clusters": [
    {
      "cluster_rank": 0,
      "population_index": 8,
      "ga_genome": [
        0.004726787980561347,
        0.0,
        0.0047290807449757504,
        0.0,
        0.0,
        0.0,
        0.7801535686178034
      ],
      "ga_fitness": 0.9999511960625259,
      "drift": {
        "bounded": true,
        "growth_ratio": 1.0106267831043154,
        "trend_fraction": 0.014751716426345204,
        "terminated_early": false,
        "termination_reason": "",
        "n_windows_complete": 50
      },
      "family_matches": [
        "G",
        "H"
      ],
      "candidate_type": "ERO",
      "ready_for_literature_check": false
    },
    {
      "cluster_rank": 1,
      "population_index": 149,
      "ga_genome": [
        0.004747036977397552,
        0.0,
        0.004729658004390401,
        0.0,
        0.0,
        0.0,
        0.0859029197528425
      ],
      "ga_fitness": 0.9999506799125804,
      "drift": {
        "bounded": true,
        "growth_ratio": 1.010988944680693,
        "trend_fraction": 0.013896746758390227,
        "terminated_early": false,
        "termination_reason": "",
        "n_windows_complete": 50
      },
      "family_matches": [
        "G",
        "H"
      ],
      "candidate_type": "ERO",
      "ready_for_literature_check": false
    },
    {
      "cluster_rank": 2,
      "population_index": 182,
      "ga_genome": [
        0.004736967731744362,
        0.0,
        0.004738163592339503,
        0.0,
        0.0,
        0.0,
        6.168184683498091
      ],
      "ga_fitness": 0.9999503278552848,
      "drift": {
        "bounded": true,
        "growth_ratio": 1.0059043824991407,
        "trend_fraction": 0.007414173842147956,
        "terminated_early": false,
        "termination_reason": "",
        "n_windows_complete": 50
      },
      "family_matches": [
        "G",
        "H"
      ],
      "candidate_type": "ERO",
      "ready_for_literature_check": false
    },
    {
      "cluster_rank": 3,
      "population_index": 196,
      "ga_genome": [
        0.00473701142089844,
        0.0,
        0.004745906645581233,
        0.0,
        0.0,
        0.0,
        5.529605543073592
      ],
      "ga_fitness": 0.9999487427896874,
      "drift": {
        "bounded": true,
        "growth_ratio": 0.9922138790921031,
        "trend_fraction": 0.013660353321528205,
        "terminated_early": false,
        "termination_reason": "",
        "n_windows_complete": 50
      },
      "family_matches": [
        "G",
        "H"
      ],
      "candidate_type": "ERO",
      "ready_for_literature_check": false
    },
    {
      "cluster_rank": 4,
      "population_index": 32,
      "ga_genome": [
        0.004726664450493409,
        0.0,
        0.004734636527609491,
        0.0,
        0.0,
        0.0,
        3.8180781804734085
      ],
      "ga_fitness": 0.999948614524192,
      "drift": {
        "bounded": true,
        "growth_ratio": 1.0033572118125416,
        "trend_fraction": 0.004594210112120827,
        "terminated_early": false,
        "termination_reason": "",
        "n_windows_complete": 50
      },
      "family_matches": [],
      "candidate_type": "ERO",
      "candidate_signature": {
        "primary": "Sun",
        "sequence": [
          "E"
        ]
      },
      "literature_anchors_engaged": [
        "Aldrin Earth-Mars cycler",
        "Russell-Ocampo / McConaghy Earth-Mars SnLm cyclers",
        "Jones et al. VEM triple cyclers (Venus-Earth-Mars)",
        "Strange-Russell Tisserand pump-tour graph (2007 AAS 07-277)",
        "Vasile-Conway MGA-DSM optimisation (2006)",
        "Hughes-Edelman-Longuski VEM cycler extensions (2014)",
        "Genova-Aldrin purple Earth-Mars cycler precursors (2015)",
        "McConaghy Earth-Mars cycler dissertation (2004)",
        "McConaghy-Longuski-Byrnes Earth-Mars cycler trajectory class analysis (2004)",
        "McConaghy-Russell-Longuski Earth-Mars cycler standard nomenclature (2005)",
        "Rogers-Hughes-Longuski-Aldrin Earth-Mars cycler establishment trajectories (2015)",
        "Ceriotti GTOC-style MGA chain optimisation (2010)",
        "Vasile-Campagnola MGA-DSM tour optimisation (2009)",
        "Diehl-Kaplan-Penzo / D'Amario-Byrnes Galileo design (1983, pre-Challenger)",
        "D'Amario-Bright-Wolf Galileo VEEGA flown trajectory (1992)",
        "Tito-MacCallum 2018 Mars free-return mission design (2013)",
        "Gurfil-Kasdin 2002 geocentric ER3BP orbit-family catalogue",
        "Sun-Earth co-orbital quasi-satellite / horseshoe dynamics (Cruithne, Kamo'oalewa)",
        "Henon Sun-Earth distant retrograde orbit family f (foundational)"
      ],
      "ready_for_literature_check": true
    },
    {
      "cluster_rank": 5,
      "population_index": 193,
      "ga_genome": [
        0.004736969197623936,
        0.0,
        0.004745338042779747,
        0.0,
        0.0,
        0.0,
        4.453331980829085
      ],
      "ga_fitness": 0.9999476687378844,
      "drift": {
        "bounded": true,
        "growth_ratio": 1.0056754100399938,
        "trend_fraction": 0.005923203176469006,
        "terminated_early": false,
        "termination_reason": "",
        "n_windows_complete": 50
      },
      "family_matches": [],
      "candidate_type": "ERO",
      "candidate_signature": {
        "primary": "Sun",
        "sequence": [
          "E"
        ]
      },
      "literature_anchors_engaged": [
        "Aldrin Earth-Mars cycler",
        "Russell-Ocampo / McConaghy Earth-Mars SnLm cyclers",
        "Jones et al. VEM triple cyclers (Venus-Earth-Mars)",
        "Strange-Russell Tisserand pump-tour graph (2007 AAS 07-277)",
        "Vasile-Conway MGA-DSM optimisation (2006)",
        "Hughes-Edelman-Longuski VEM cycler extensions (2014)",
        "Genova-Aldrin purple Earth-Mars cycler precursors (2015)",
        "McConaghy Earth-Mars cycler dissertation (2004)",
        "McConaghy-Longuski-Byrnes Earth-Mars cycler trajectory class analysis (2004)",
        "McConaghy-Russell-Longuski Earth-Mars cycler standard nomenclature (2005)",
        "Rogers-Hughes-Longuski-Aldrin Earth-Mars cycler establishment trajectories (2015)",
        "Ceriotti GTOC-style MGA chain optimisation (2010)",
        "Vasile-Campagnola MGA-DSM tour optimisation (2009)",
        "Diehl-Kaplan-Penzo / D'Amario-Byrnes Galileo design (1983, pre-Challenger)",
        "D'Amario-Bright-Wolf Galileo VEEGA flown trajectory (1992)",
        "Tito-MacCallum 2018 Mars free-return mission design (2013)",
        "Gurfil-Kasdin 2002 geocentric ER3BP orbit-family catalogue",
        "Sun-Earth co-orbital quasi-satellite / horseshoe dynamics (Cruithne, Kamo'oalewa)",
        "Henon Sun-Earth distant retrograde orbit family f (foundational)"
      ],
      "ready_for_literature_check": true
    },
    {
      "cluster_rank": 6,
      "population_index": 59,
      "ga_genome": [
        0.0047332833820978295,
        0.0,
        0.0047450004150571806,
        0.0,
        0.0,
        0.0,
        1.5957714606467126
      ],
      "ga_fitness": 0.9999472307224959,
      "drift": {
        "bounded": true,
        "growth_ratio": 1.001756806272697,
        "trend_fraction": 0.002528673018198956,
        "terminated_early": false,
        "termination_reason": "",
        "n_windows_complete": 50
      },
      "family_matches": [],
      "candidate_type": "ERO",
      "candidate_signature": {
        "primary": "Sun",
        "sequence": [
          "E"
        ]
      },