{
  "partition": "G",
  "seed_index": 0,
  "seed": 583008,
  "band": "paper",
  "own_target_families": [
    "G"
  ],
  "own_family_recovered_this_seed": true,
  "population_size": 200,
  "fitness_floor": 0.9,
  "distance_threshold": 0.1,
  "n_above_floor": 200,
  "n_clusters": 9,
  "n_bounded": 8,
  "n_unmatched_bounded": 4,
  "clusters": [
    {
      "cluster_rank": 0,
      "population_index": 188,
      "ga_genome": [
        0.004726665153719421,
        0.0,
        0.004726659230773573,
        0.0,
        0.0,
        0.0,
        0.8774310187624269
      ],
      "ga_fitness": 0.9999516667386187,
      "drift": {
        "bounded": true,
        "growth_ratio": 1.0121639721899767,
        "trend_fraction": 0.01688395291813265,
        "terminated_early": false,
        "termination_reason": "",
        "n_windows_complete": 50
      },
      "family_matches": [
        "G",
        "H"
      ],
      "candidate_type": "ERO",
      "ready_for_literature_check": false
    },
    {
      "cluster_rank": 1,
      "population_index": 73,
      "ga_genome": [
        0.004744003389140827,
        0.0,
        0.004728181021768458,
        0.0,
        0.0,
        0.0,
        0.23968449962585542
      ],
      "ga_fitness": 0.9999507334280865,
      "drift": {
        "bounded": true,
        "growth_ratio": 1.0124505993750228,
        "trend_fraction": 0.015511477052767892,
        "terminated_early": false,
        "termination_reason": "",
        "n_windows_complete": 50
      },
      "family_matches": [
        "G",
        "H"
      ],
      "candidate_type": "ERO",
      "ready_for_literature_check": false
    },
    {
      "cluster_rank": 2,
      "population_index": 38,
      "ga_genome": [
        0.0047266552788414766,
        0.0,
        0.004746645854975104,
        0.0,
        0.0,
        0.0,
        6.243205932886008
      ],
      "ga_fitness": 0.9999503211986929,
      "drift": {
        "bounded": true,
        "growth_ratio": 1.0073572778724735,
        "trend_fraction": 0.008870449591781451,
        "terminated_early": false,
        "termination_reason": "",
        "n_windows_complete": 50
      },
      "family_matches": [
        "G",
        "H"
      ],
      "candidate_type": "ERO",
      "ready_for_literature_check": false
    },
    {
      "cluster_rank": 3,
      "population_index": 52,
      "ga_genome": [
        0.004733632459528425,
        0.0,
        0.004746131212389311,
        0.0,
        0.0,
        0.0,
        5.490117245509731
      ],
      "ga_fitness": 0.9999487069203002,
      "drift": {
        "bounded": true,
        "growth_ratio": 0.9916653407242724,
        "trend_fraction": 0.01455980696201632,
        "terminated_early": false,
        "termination_reason": "",
        "n_windows_complete": 50
      },
      "family_matches": [
        "G",
        "H"
      ],
      "candidate_type": "ERO",
      "ready_for_literature_check": false
    },
    {
      "cluster_rank": 4,
      "population_index": 191,
      "ga_genome": [
        0.0047268180409972185,
        0.0,
        0.004734509164464558,
        0.0,
        0.0,
        0.0,
        3.8165441996851657
      ],
      "ga_fitness": 0.9999486150822577,
      "drift": {
        "bounded": true,
        "growth_ratio": 1.0032986866786173,
        "trend_fraction": 0.0045266177695319305,
        "terminated_early": false,
        "termination_reason": "",
        "n_windows_complete": 50
      },
      "family_matches": [],
      "candidate_type": "ERO",
      "candidate_signature": {
        "primary": "Sun",
        "sequence": [
          "E"
        ]
      },
      "literature_anchors_engaged": [
        "Aldrin Earth-Mars cycler",
        "Russell-Ocampo / McConaghy Earth-Mars SnLm cyclers",
        "Jones et al. VEM triple cyclers (Venus-Earth-Mars)",
        "Strange-Russell Tisserand pump-tour graph (2007 AAS 07-277)",
        "Vasile-Conway MGA-DSM optimisation (2006)",
        "Hughes-Edelman-Longuski VEM cycler extensions (2014)",
        "Genova-Aldrin purple Earth-Mars cycler precursors (2015)",
        "McConaghy Earth-Mars cycler dissertation (2004)",
        "McConaghy-Longuski-Byrnes Earth-Mars cycler trajectory class analysis (2004)",
        "McConaghy-Russell-Longuski Earth-Mars cycler standard nomenclature (2005)",
        "Rogers-Hughes-Longuski-Aldrin Earth-Mars cycler establishment trajectories (2015)",
        "Ceriotti GTOC-style MGA chain optimisation (2010)",
        "Vasile-Campagnola MGA-DSM tour optimisation (2009)",
        "Diehl-Kaplan-Penzo / D'Amario-Byrnes Galileo design (1983, pre-Challenger)",
        "D'Amario-Bright-Wolf Galileo VEEGA flown trajectory (1992)",
        "Tito-MacCallum 2018 Mars free-return mission design (2013)",
        "Gurfil-Kasdin 2002 geocentric ER3BP orbit-family catalogue",
        "Sun-Earth co-orbital quasi-satellite / horseshoe dynamics (Cruithne, Kamo'oalewa)",
        "Henon Sun-Earth distant retrograde orbit family f (foundational)"
      ],
      "ready_for_literature_check": true
    },
    {
      "cluster_rank": 5,
      "population_index": 159,
      "ga_genome": [
        0.004726665153719421,
        0.0,
        0.004745476726873016,
        0.0,
        0.0,
        0.0,
        4.795990949070291
      ],
      "ga_fitness": 0.9999478873676964,
      "drift": {
        "bounded": true,
        "growth_ratio": 0.9979642160327318,
        "trend_fraction": 0.0021442152196742437,
        "terminated_early": false,
        "termination_reason": "",
        "n_windows_complete": 50
      },
      "family_matches": [],
      "candidate_type": "ERO",
      "candidate_signature": {
        "primary": "Sun",
        "sequence": [
          "E"
        ]
      },
      "literature_anchors_engaged": [
        "Aldrin Earth-Mars cycler",
        "Russell-Ocampo / McConaghy Earth-Mars SnLm cyclers",
        "Jones et al. VEM triple cyclers (Venus-Earth-Mars)",
        "Strange-Russell Tisserand pump-tour graph (2007 AAS 07-277)",
        "Vasile-Conway MGA-DSM optimisation (2006)",
        "Hughes-Edelman-Longuski VEM cycler extensions (2014)",
        "Genova-Aldrin purple Earth-Mars cycler precursors (2015)",
        "McConaghy Earth-Mars cycler dissertation (2004)",
        "McConaghy-Longuski-Byrnes Earth-Mars cycler trajectory class analysis (2004)",
        "McConaghy-Russell-Longuski Earth-Mars cycler standard nomenclature (2005)",
        "Rogers-Hughes-Longuski-Aldrin Earth-Mars cycler establishment trajectories (2015)",
        "Ceriotti GTOC-style MGA chain optimisation (2010)",
        "Vasile-Campagnola MGA-DSM tour optimisation (2009)",
        "Diehl-Kaplan-Penzo / D'Amario-Byrnes Galileo design (1983, pre-Challenger)",
        "D'Amario-Bright-Wolf Galileo VEEGA flown trajectory (1992)",
        "Tito-MacCallum 2018 Mars free-return mission design (2013)",
        "Gurfil-Kasdin 2002 geocentric ER3BP orbit-family catalogue",
        "Sun-Earth co-orbital quasi-satellite / horseshoe dynamics (Cruithne, Kamo'oalewa)",
        "Henon Sun-Earth distant retrograde orbit family f (foundational)"
      ],
      "ready_for_literature_check": true
    },
    {
      "cluster_rank": 6,
      "population_index": 101,
      "ga_genome": [
        0.004728054807556165,
        0.0,
        0.004746741543235715,
        0.0,
        0.0,
        0.0,
        1.570796327160626
      ],
      "ga_fitness": 0.9999474920201149,
      "drift": {
        "bounded": true,
        "growth_ratio": 0.9993145209827401,
        "trend_fraction": 0.0011350653607470557,
        "terminated_early": false,
        "termination_reason": "",
        "n_windows_complete": 50
      },
      "family_matches": [],
      "candidate_type": "ERO",
      "candidate_signature": {
        "primary": "Sun",
        "sequence": [
          "E"
        ]
      },