{
  "partition": "H",
  "seed_index": 1,
  "seed": 584018,
  "band": "paper",
  "own_target_families": [
    "H"
  ],
  "own_family_recovered_this_seed": true,
  "population_size": 200,
  "fitness_floor": 0.9,
  "distance_threshold": 0.1,
  "n_above_floor": 200,
  "n_clusters": 8,
  "n_bounded": 8,
  "n_unmatched_bounded": 5,
  "clusters": [
    {
      "cluster_rank": 0,
      "population_index": 19,
      "ga_genome": [
        0.004727058158014297,
        0.00043603789537116633,
        0.0,
        0.0,
        0.0,
        0.0,
        0.018407399340639445
      ],
      "ga_fitness": 0.9999794934690981,
      "drift": {
        "bounded": true,
        "growth_ratio": 0.9967777067247392,
        "trend_fraction": 0.005511197097569211,
        "terminated_early": false,
        "termination_reason": "",
        "n_windows_complete": 50
      },
      "family_matches": [
        "G",
        "H"
      ],
      "candidate_type": "ERO",
      "ready_for_literature_check": false
    },
    {
      "cluster_rank": 1,
      "population_index": 152,
      "ga_genome": [
        0.004727098737126575,
        -0.0010842102349466476,
        0.0,
        0.0,
        0.0,
        0.0,
        0.9196334711652203
      ],
      "ga_fitness": 0.9999794612350555,
      "drift": {
        "bounded": true,
        "growth_ratio": 1.0101776036474552,
        "trend_fraction": 0.014934065119273698,
        "terminated_early": false,
        "termination_reason": "",
        "n_windows_complete": 50
      },
      "family_matches": [
        "H"
      ],
      "candidate_type": "ERO",
      "ready_for_literature_check": false
    },
    {
      "cluster_rank": 2,
      "population_index": 114,
      "ga_genome": [
        0.004727372727847338,
        0.0003748974996560239,
        0.0,
        0.0,
        0.0,
        0.0,
        6.249623476546812
      ],
      "ga_fitness": 0.9999793913668258,
      "drift": {
        "bounded": true,
        "growth_ratio": 0.9960671701889199,
        "trend_fraction": 0.006730637094702623,
        "terminated_early": false,
        "termination_reason": "",
        "n_windows_complete": 50
      },
      "family_matches": [
        "G",
        "H"
      ],
      "candidate_type": "ERO",
      "ready_for_literature_check": false
    },
    {
      "cluster_rank": 3,
      "population_index": 197,
      "ga_genome": [
        0.004733691164043551,
        -0.0010122185342508194,
        0.0,
        0.0,
        0.0,
        0.0,
        5.124429889832679
      ],
      "ga_fitness": 0.9999793809750294,
      "drift": {
        "bounded": true,
        "growth_ratio": 0.9978854805641367,
        "trend_fraction": 0.002778200010356153,
        "terminated_early": false,
        "termination_reason": "",
        "n_windows_complete": 50
      },
      "family_matches": [],
      "candidate_type": "ERO",
      "candidate_signature": {
        "primary": "Sun",
        "sequence": [
          "E"
        ]
      },
      "literature_anchors_engaged": [
        "Aldrin Earth-Mars cycler",
        "Russell-Ocampo / McConaghy Earth-Mars SnLm cyclers",
        "Jones et al. VEM triple cyclers (Venus-Earth-Mars)",
        "Strange-Russell Tisserand pump-tour graph (2007 AAS 07-277)",
        "Vasile-Conway MGA-DSM optimisation (2006)",
        "Hughes-Edelman-Longuski VEM cycler extensions (2014)",
        "Genova-Aldrin purple Earth-Mars cycler precursors (2015)",
        "McConaghy Earth-Mars cycler dissertation (2004)",
        "McConaghy-Longuski-Byrnes Earth-Mars cycler trajectory class analysis (2004)",
        "McConaghy-Russell-Longuski Earth-Mars cycler standard nomenclature (2005)",
        "Rogers-Hughes-Longuski-Aldrin Earth-Mars cycler establishment trajectories (2015)",
        "Ceriotti GTOC-style MGA chain optimisation (2010)",
        "Vasile-Campagnola MGA-DSM tour optimisation (2009)",
        "Diehl-Kaplan-Penzo / D'Amario-Byrnes Galileo design (1983, pre-Challenger)",
        "D'Amario-Bright-Wolf Galileo VEEGA flown trajectory (1992)",
        "Tito-MacCallum 2018 Mars free-return mission design (2013)",
        "Gurfil-Kasdin 2002 geocentric ER3BP orbit-family catalogue",
        "Sun-Earth co-orbital quasi-satellite / horseshoe dynamics (Cruithne, Kamo'oalewa)",
        "Henon Sun-Earth distant retrograde orbit family f (foundational)"
      ],
      "ready_for_literature_check": true
    },
    {
      "cluster_rank": 4,
      "population_index": 123,
      "ga_genome": [
        0.004729066502172857,
        -0.00012744602284570083,
        0.0,
        0.0,
        0.0,
        0.0,
        1.5918885629989645
      ],
      "ga_fitness": 0.9999792243727095,
      "drift": {
        "bounded": true,
        "growth_ratio": 1.005923880085338,
        "trend_fraction": 0.007707163037680623,
        "terminated_early": false,
        "termination_reason": "",
        "n_windows_complete": 50
      },
      "family_matches": [],
      "candidate_type": "ERO",
      "candidate_signature": {
        "primary": "Sun",
        "sequence": [
          "E"
        ]
      },
      "literature_anchors_engaged": [
        "Aldrin Earth-Mars cycler",
        "Russell-Ocampo / McConaghy Earth-Mars SnLm cyclers",
        "Jones et al. VEM triple cyclers (Venus-Earth-Mars)",
        "Strange-Russell Tisserand pump-tour graph (2007 AAS 07-277)",
        "Vasile-Conway MGA-DSM optimisation (2006)",
        "Hughes-Edelman-Longuski VEM cycler extensions (2014)",
        "Genova-Aldrin purple Earth-Mars cycler precursors (2015)",
        "McConaghy Earth-Mars cycler dissertation (2004)",
        "McConaghy-Longuski-Byrnes Earth-Mars cycler trajectory class analysis (2004)",
        "McConaghy-Russell-Longuski Earth-Mars cycler standard nomenclature (2005)",
        "Rogers-Hughes-Longuski-Aldrin Earth-Mars cycler establishment trajectories (2015)",
        "Ceriotti GTOC-style MGA chain optimisation (2010)",
        "Vasile-Campagnola MGA-DSM tour optimisation (2009)",
        "Diehl-Kaplan-Penzo / D'Amario-Byrnes Galileo design (1983, pre-Challenger)",
        "D'Amario-Bright-Wolf Galileo VEEGA flown trajectory (1992)",
        "Tito-MacCallum 2018 Mars free-return mission design (2013)",
        "Gurfil-Kasdin 2002 geocentric ER3BP orbit-family catalogue",
        "Sun-Earth co-orbital quasi-satellite / horseshoe dynamics (Cruithne, Kamo'oalewa)",
        "Henon Sun-Earth distant retrograde orbit family f (foundational)"
      ],
      "ready_for_literature_check": true
    },
    {
      "cluster_rank": 5,
      "population_index": 51,
      "ga_genome": [
        0.004729013027282158,
        0.000247538671886427,
        0.0,
        0.0,
        0.0,
        0.0,
        4.477772780560759
      ],
      "ga_fitness": 0.9999788351448382,
      "drift": {
        "bounded": true,
        "growth_ratio": 1.012003748847414,
        "trend_fraction": 0.015788399575406762,
        "terminated_early": false,
        "termination_reason": "",
        "n_windows_complete": 50
      },
      "family_matches": [],
      "candidate_type": "ERO",
      "candidate_signature": {
        "primary": "Sun",
        "sequence": [
          "E"
        ]
      },