{
  "partition": "J",
  "seed_index": 2,
  "seed": 585029,
  "band": "paper",
  "own_target_families": [
    "J"
  ],
  "own_family_recovered_this_seed": false,
  "population_size": 200,
  "fitness_floor": 0.9,
  "distance_threshold": 0.1,
  "n_above_floor": 200,
  "n_clusters": 24,
  "n_bounded": 2,
  "n_unmatched_bounded": 2,
  "clusters": [
    {
      "cluster_rank": 0,
      "population_index": 148,
      "ga_genome": [
        0.023085392315359193,
        0.01708960428766193,
        0.03249102959120034,
        -0.047799966192757726,
        0.038418982507363246,
        0.02062735229745216,
        0.19198154838964074
      ],
      "ga_fitness": 0.9999740657041064,
      "drift": {
        "bounded": false,
        "growth_ratio": Infinity,
        "trend_fraction": Infinity,
        "terminated_early": true,
        "termination_reason": "escape",
        "n_windows_complete": 29
      },
      "family_matches": [],
      "ready_for_literature_check": false
    },
    {
      "cluster_rank": 1,
      "population_index": 182,
      "ga_genome": [
        0.02309015968378649,
        0.017577885537775617,
        0.032745662237696975,
        -0.04779984512082297,
        0.03841101747397719,
        0.022279654983961894,
        6.2812625427454245
      ],
      "ga_fitness": 0.9999720635607624,
      "drift": {
        "bounded": false,
        "growth_ratio": Infinity,
        "trend_fraction": Infinity,
        "terminated_early": true,
        "termination_reason": "escape",
        "n_windows_complete": 29
      },
      "family_matches": [],
      "ready_for_literature_check": false
    },
    {
      "cluster_rank": 2,
      "population_index": 39,
      "ga_genome": [
        0.02306549913985164,
        0.017089604753323218,
        0.03249102959120034,
        -0.047799964330112577,
        0.03842718844226011,
        0.01982822421002861,
        4.795362355115255
      ],
      "ga_fitness": 0.999971908534672,
      "drift": {
        "bounded": false,
        "growth_ratio": Infinity,
        "trend_fraction": Infinity,
        "terminated_early": true,
        "termination_reason": "escape",
        "n_windows_complete": 17
      },
      "family_matches": [],
      "ready_for_literature_check": false
    },
    {
      "cluster_rank": 3,
      "population_index": 123,
      "ga_genome": [
        0.023086181048684977,
        0.017089604753323218,
        0.03249102959120034,
        -0.04767086066949899,
        0.03843488734189333,
        0.021880584657630098,
        5.547523700183787
      ],
      "ga_fitness": 0.9999694832409487,
      "drift": {
        "bounded": false,
        "growth_ratio": Infinity,
        "trend_fraction": Infinity,
        "terminated_early": true,
        "termination_reason": "escape",
        "n_windows_complete": 30
      },
      "family_matches": [],
      "ready_for_literature_check": false
    },
    {
      "cluster_rank": 4,
      "population_index": 48,
      "ga_genome": [
        0.02306549913985164,
        0.016844489964853104,
        0.03274706461914908,
        -0.04779613217054779,
        0.036374195951388626,
        0.01858074928600828,
        0.8355109022344074
      ],
      "ga_fitness": 0.9999541772565842,
      "drift": {
        "bounded": false,
        "growth_ratio": Infinity,
        "trend_fraction": Infinity,
        "terminated_early": true,
        "termination_reason": "escape",
        "n_windows_complete": 28
      },
      "family_matches": [],
      "ready_for_literature_check": false
    },
    {
      "cluster_rank": 5,
      "population_index": 196,
      "ga_genome": [
        0.023061520504750133,
        0.01708957495100083,
        0.03249102959120034,
        -0.04780377902737909,
        0.03606759997252274,
        0.015668292882775048,
        4.342267323611594
      ],
      "ga_fitness": 0.9999392316128827,
      "drift": {
        "bounded": false,
        "growth_ratio": Infinity,
        "trend_fraction": Infinity,
        "terminated_early": true,
        "termination_reason": "escape",
        "n_windows_complete": 16
      },
      "family_matches": [],
      "ready_for_literature_check": false
    },
    {
      "cluster_rank": 6,
      "population_index": 122,
      "ga_genome": [
        0.024474926739175687,
        0.015777031778306028,
        0.034522615950977234,
        -0.0507296518307947,
        0.038445083110368754,
        0.018095689480680854,
        1.0548474241320067
      ],
      "ga_fitness": 0.9999348507102347,
      "drift": {
        "bounded": false,
        "growth_ratio": Infinity,
        "trend_fraction": Infinity,
        "terminated_early": true,
        "termination_reason": "escape",
        "n_windows_complete": 15
      },
      "family_matches": [],
      "ready_for_literature_check": false
    },
    {
      "cluster_rank": 7,
      "population_index": 158,
      "ga_genome": [
        0.024474926739175687,
        0.015807549356438133,
        0.03455444503178931,
        -0.0507296518307947,
        0.03841323214390674,
        0.01784712577188552,
        4.010131379664752
      ],
      "ga_fitness": 0.9999345094120804,
      "drift": {
        "bounded": false,
        "growth_ratio": Infinity,
        "trend_fraction": Infinity,
        "terminated_early": true,
        "termination_reason": "escape",
        "n_windows_complete": 13
      },
      "family_matches": [],
      "ready_for_literature_check": false
    },
    {
      "cluster_rank": 8,
      "population_index": 185,
      "ga_genome": [
        0.022835527037289853,
        0.017089821984313858,
        0.03453048780340089,
        -0.047796037874137054,
        0.03797336178473234,
        0.015731293828164072,
        2.9658056324795585
      ],
      "ga_fitness": 0.9999332698480893,
      "drift": {
        "bounded": false,
        "growth_ratio": Infinity,
        "trend_fraction": Infinity,
        "terminated_early": true,
        "termination_reason": "escape",
        "n_windows_complete": 14
      },
      "family_matches": [],
      "ready_for_literature_check": false
    },
    {
      "cluster_rank": 9,
      "population_index": 44,
      "ga_genome": [
        0.02308141368025768,
        0.017087914868511245,
        0.03453048780340089,
        -0.047793001064051155,
        0.03198876222718492,
        0.015659650209280618,
        3.9990340532311217
      ],
      "ga_fitness": 0.9999199523063038,
      "drift": {
        "bounded": false,
        "growth_ratio": Infinity,
        "trend_fraction": Infinity,
        "terminated_early": true,
        "termination_reason": "escape",
        "n_windows_complete": 14
      },
      "family_matches": [],
      "ready_for_literature_check": false
    },
    {
      "cluster_rank": 10,
      "population_index": 61,
      "ga_genome": [
        0.024466969468972664,
        0.015807549356438133,
        0.03455444503178931,
        -0.0507296518307947,
        0.03433913168561053,
        0.015731105235342713,
        3.360566049230213
      ],
      "ga_fitness": 0.9999192525388566,
      "drift": {
        "bounded": false,
        "growth_ratio": Infinity,
        "trend_fraction": Infinity,
        "terminated_early": true,
        "termination_reason": "escape",
        "n_windows_complete": 13
      },
      "family_matches": [],
      "ready_for_literature_check": false
    },
    {
      "cluster_rank": 11,
      "population_index": 167,
      "ga_genome": [
        0.023086181048684977,
        0.016029351045384388,
        0.034529492651363645,
        -0.0478082747542784,
        0.02944715840317684,
        0.015669311516841256,
        3.542580745520995
      ],
      "ga_fitness": 0.9998973542246598,
      "drift": {
        "bounded": false,
        "growth_ratio": Infinity,
        "trend_fraction": Infinity,
        "terminated_early": true,
        "termination_reason": "escape",
        "n_windows_complete": 12
      },
      "family_matches": [],