{
  "partition": "L",
  "seed_index": 0,
  "seed": 583013,
  "band": "paper",
  "own_target_families": [
    "L"
  ],
  "own_family_recovered_this_seed": false,
  "population_size": 200,
  "fitness_floor": 0.9,
  "distance_threshold": 0.1,
  "n_above_floor": 200,
  "n_clusters": 25,
  "n_bounded": 0,
  "n_unmatched_bounded": 0,
  "clusters": [
    {
      "cluster_rank": 0,
      "population_index": 192,
      "ga_genome": [
        0.011045260003545616,
        0.004547024496027063,
        0.00428153097263573,
        -0.029074609635648008,
        0.0030496210868120243,
        -0.0078810249706453,
        0.41003021668838274
      ],
      "ga_fitness": 0.9999869388925747,
      "drift": {
        "bounded": false,
        "growth_ratio": Infinity,
        "trend_fraction": Infinity,
        "terminated_early": true,
        "termination_reason": "escape",
        "n_windows_complete": 7
      },
      "family_matches": [],
      "ready_for_literature_check": false
    },
    {
      "cluster_rank": 1,
      "population_index": 149,
      "ga_genome": [
        0.011063570550424878,
        0.005034828908982436,
        0.004398260708991034,
        -0.02906867897349147,
        0.0030495638593681074,
        -0.00788856402688859,
        5.78604346100761
      ],
      "ga_fitness": 0.9999864648971633,
      "drift": {
        "bounded": false,
        "growth_ratio": Infinity,
        "trend_fraction": Infinity,
        "terminated_early": true,
        "termination_reason": "escape",
        "n_windows_complete": 6
      },
      "family_matches": [],
      "ready_for_literature_check": false
    },
    {
      "cluster_rank": 2,
      "population_index": 120,
      "ga_genome": [
        0.011030615142320892,
        0.005034828908982436,
        0.00428153097263573,
        -0.02906867897349147,
        0.0030495638663530266,
        -0.007919142839479976,
        5.147906990816493
      ],
      "ga_fitness": 0.9999862924062032,
      "drift": {
        "bounded": false,
        "growth_ratio": Infinity,
        "trend_fraction": Infinity,
        "terminated_early": true,
        "termination_reason": "escape",
        "n_windows_complete": 6
      },
      "family_matches": [],
      "ready_for_literature_check": false
    },
    {
      "cluster_rank": 3,
      "population_index": 119,
      "ga_genome": [
        0.011034280827975432,
        0.005031014211715923,
        0.004288855191387435,
        -0.029068680836136618,
        0.0030202668656176576,
        -0.007884982160265785,
        4.299613136734998
      ],
      "ga_fitness": 0.9999860005978395,
      "drift": {
        "bounded": false,
        "growth_ratio": Infinity,
        "trend_fraction": Infinity,
        "terminated_early": true,
        "termination_reason": "escape",
        "n_windows_complete": 6
      },
      "family_matches": [],
      "ready_for_literature_check": false
    },
    {
      "cluster_rank": 4,
      "population_index": 178,
      "ga_genome": [
        0.011030150222599074,
        0.005034828908982436,
        0.004398260708991034,
        -0.02906867897349147,
        0.0030495638663530266,
        -0.008746008274319095,
        3.362099861782877
      ],
      "ga_fitness": 0.9999853229966015,
      "drift": {
        "bounded": false,
        "growth_ratio": Infinity,
        "trend_fraction": Infinity,
        "terminated_early": true,
        "termination_reason": "escape",
        "n_windows_complete": 6
      },
      "family_matches": [],
      "ready_for_literature_check": false
    },
    {
      "cluster_rank": 5,
      "population_index": 44,
      "ga_genome": [
        0.011063577702982254,
        0.0040587432459133765,
        0.004281073208963748,
        -0.02906867897349147,
        0.0030495638349208897,
        -0.008734715522437986,
        1.1834523535534671
      ],
      "ga_fitness": 0.9999848146193384,
      "drift": {
        "bounded": false,
        "growth_ratio": Infinity,
        "trend_fraction": Infinity,
        "terminated_early": true,
        "termination_reason": "escape",
        "n_windows_complete": 6
      },
      "family_matches": [],
      "ready_for_literature_check": false
    },
    {
      "cluster_rank": 6,
      "population_index": 73,
      "ga_genome": [
        0.011063577702982254,
        0.0040587432459133765,
        0.004281073208963748,
        -0.02906867897349147,
        0.003045901756977174,
        -0.008610523191422803,
        1.8280261402061526
      ],
      "ga_fitness": 0.9999838756289927,
      "drift": {
        "bounded": false,
        "growth_ratio": Infinity,
        "trend_fraction": Infinity,
        "terminated_early": true,
        "termination_reason": "escape",
        "n_windows_complete": 5
      },
      "family_matches": [],
      "ready_for_literature_check": false
    },
    {
      "cluster_rank": 7,
      "population_index": 84,
      "ga_genome": [
        0.011063577702982254,
        0.0040587432459133765,
        0.004281073208963748,
        -0.02906867897349147,
        0.0030495638663530266,
        -0.008548332729504504,
        2.6135591643525524
      ],
      "ga_fitness": 0.9999821599076003,
      "drift": {
        "bounded": false,
        "growth_ratio": Infinity,
        "trend_fraction": Infinity,
        "terminated_early": true,
        "termination_reason": "escape",
        "n_windows_complete": 6
      },
      "family_matches": [],
      "ready_for_literature_check": false
    },
    {
      "cluster_rank": 8,
      "population_index": 145,
      "ga_genome": [
        0.0105656380568551,
        0.011931000629423871,
        0.01051946983568358,
        -0.025900197104993306,
        0.0034583753972450212,
        -0.005927891821118025,
        6.23534085665504
      ],
      "ga_fitness": 0.999980918031959,
      "drift": {
        "bounded": false,
        "growth_ratio": Infinity,
        "trend_fraction": Infinity,
        "terminated_early": true,
        "termination_reason": "escape",
        "n_windows_complete": 16
      },
      "family_matches": [],
      "ready_for_literature_check": false
    },
    {
      "cluster_rank": 9,
      "population_index": 175,
      "ga_genome": [
        0.014236339009189126,
        0.0007677600953652775,
        0.007423749632999243,
        -0.030787821284213035,
        0.0030512699363872573,
        -0.013934920894432545,
        1.5777955738632607
      ],
      "ga_fitness": 0.9999786449532203,
      "drift": {
        "bounded": false,
        "growth_ratio": Infinity,
        "trend_fraction": Infinity,
        "terminated_early": true,
        "termination_reason": "escape",
        "n_windows_complete": 3
      },
      "family_matches": [],
      "ready_for_literature_check": false
    },
    {
      "cluster_rank": 10,
      "population_index": 21,
      "ga_genome": [
        0.01438888921388166,
        0.0006456897828368557,
        0.007423749786667468,
        -0.030787821284213035,
        0.003051269880507903,
        -0.013693725809849289,
        6.26706581516286
      ],
      "ga_fitness": 0.999978588164344,
      "drift": {
        "bounded": false,
        "growth_ratio": Infinity,
        "trend_fraction": Infinity,
        "terminated_early": true,
        "termination_reason": "escape",
        "n_windows_complete": 4
      },
      "family_matches": [],
      "ready_for_literature_check": false
    },
    {
      "cluster_rank": 11,
      "population_index": 117,
      "ga_genome": [
        0.014236341244363303,
        0.0007678793046548282,
        0.0074237495631500495,
        -0.030764933100613956,
        0.0030512841856226523,
        -0.013740374127808097,
        3.102286342303576
      ],
      "ga_fitness": 0.999976912395371,
      "drift": {
        "bounded": false,
        "growth_ratio": Infinity,
        "trend_fraction": Infinity,
        "terminated_early": true,
        "termination_reason": "escape",