{
  "partition": "M",
  "seed_index": 0,
  "seed": 583014,
  "band": "paper",
  "own_target_families": [
    "M"
  ],
  "own_family_recovered_this_seed": true,
  "population_size": 200,
  "fitness_floor": 0.9,
  "distance_threshold": 0.1,
  "n_above_floor": 200,
  "n_clusters": 14,
  "n_bounded": 4,
  "n_unmatched_bounded": 1,
  "clusters": [
    {
      "cluster_rank": 0,
      "population_index": 152,
      "ga_genome": [
        0.003859442123381368,
        0.0,
        0.0038595140740011213,
        0.0,
        0.0038612212292195238,
        0.0,
        1.227184629131321
      ],
      "ga_fitness": 0.9999563076074877,
      "drift": {
        "bounded": false,
        "growth_ratio": Infinity,
        "trend_fraction": Infinity,
        "terminated_early": true,
        "termination_reason": "collision",
        "n_windows_complete": 35
      },
      "family_matches": [],
      "ready_for_literature_check": false
    },
    {
      "cluster_rank": 1,
      "population_index": 25,
      "ga_genome": [
        0.0038764523917847347,
        0.0,
        0.003861104055730751,
        0.0,
        0.00388520322720361,
        0.0,
        1.9447041428318903
      ],
      "ga_fitness": 0.9999556880296498,
      "drift": {
        "bounded": false,
        "growth_ratio": Infinity,
        "trend_fraction": Infinity,
        "terminated_early": true,
        "termination_reason": "collision",
        "n_windows_complete": 36
      },
      "family_matches": [],
      "ready_for_literature_check": false
    },
    {
      "cluster_rank": 2,
      "population_index": 96,
      "ga_genome": [
        0.003863693202462199,
        0.0,
        0.0038613690526856895,
        0.0,
        0.0038775958785534546,
        0.0,
        0.34936412305937936
      ],
      "ga_fitness": 0.9999556721090779,
      "drift": {
        "bounded": true,
        "growth_ratio": 0.9950175041191174,
        "trend_fraction": 0.004933578141516779,
        "terminated_early": false,
        "termination_reason": "",
        "n_windows_complete": 50
      },
      "family_matches": [
        "M"
      ],
      "candidate_type": "3D ERO",
      "ready_for_literature_check": false
    },
    {
      "cluster_rank": 3,
      "population_index": 119,
      "ga_genome": [
        0.003867117459989292,
        0.0,
        0.0038598168537250254,
        0.0,
        0.003867788104138435,
        0.0,
        6.283185307179586
      ],
      "ga_fitness": 0.999955346950961,
      "drift": {
        "bounded": true,
        "growth_ratio": 0.9940447658181482,
        "trend_fraction": 0.012703606394914834,
        "terminated_early": false,
        "termination_reason": "",
        "n_windows_complete": 50
      },
      "family_matches": [
        "M"
      ],
      "candidate_type": "3D ERO",
      "ready_for_literature_check": false
    },
    {
      "cluster_rank": 4,
      "population_index": 144,
      "ga_genome": [
        0.0038636786780929648,
        0.0,
        0.0038613690526856895,
        0.0,
        0.0038594770271550955,
        0.0,
        2.577087722784984
      ],
      "ga_fitness": 0.9999553212693787,
      "drift": {
        "bounded": false,
        "growth_ratio": Infinity,
        "trend_fraction": Infinity,
        "terminated_early": true,
        "termination_reason": "collision",
        "n_windows_complete": 5
      },
      "family_matches": [],
      "ready_for_literature_check": false
    },
    {
      "cluster_rank": 5,
      "population_index": 183,
      "ga_genome": [
        0.003885208144139297,
        0.0,
        0.003861103966773033,
        0.0,
        0.0038660188806940456,
        0.0,
        5.2940731765388565
      ],
      "ga_fitness": 0.9999539894657433,
      "drift": {
        "bounded": true,
        "growth_ratio": 1.004312065731126,
        "trend_fraction": 0.0035574276018163972,
        "terminated_early": false,
        "termination_reason": "",
        "n_windows_complete": 50
      },
      "family_matches": [
        "M"
      ],
      "candidate_type": "3D ERO",
      "ready_for_literature_check": false
    },
    {
      "cluster_rank": 6,
      "population_index": 131,
      "ga_genome": [
        0.003884876331851055,
        0.0,
        0.003872532575071707,
        0.0,
        0.0038777279160682027,
        0.0,
        3.776708273286802
      ],
      "ga_fitness": 0.9999534625826978,
      "drift": {
        "bounded": true,
        "growth_ratio": 0.9940386715959966,
        "trend_fraction": 0.0026013457680154235,
        "terminated_early": false,
        "termination_reason": "",
        "n_windows_complete": 50
      },
      "family_matches": [],
      "candidate_type": "3D ERO",
      "candidate_signature": {
        "primary": "Sun",
        "sequence": [
          "E"
        ]
      },
      "literature_anchors_engaged": [
        "Aldrin Earth-Mars cycler",
        "Russell-Ocampo / McConaghy Earth-Mars SnLm cyclers",
        "Jones et al. VEM triple cyclers (Venus-Earth-Mars)",
        "Strange-Russell Tisserand pump-tour graph (2007 AAS 07-277)",
        "Vasile-Conway MGA-DSM optimisation (2006)",
        "Hughes-Edelman-Longuski VEM cycler extensions (2014)",
        "Genova-Aldrin purple Earth-Mars cycler precursors (2015)",
        "McConaghy Earth-Mars cycler dissertation (2004)",
        "McConaghy-Longuski-Byrnes Earth-Mars cycler trajectory class analysis (2004)",
        "McConaghy-Russell-Longuski Earth-Mars cycler standard nomenclature (2005)",
        "Rogers-Hughes-Longuski-Aldrin Earth-Mars cycler establishment trajectories (2015)",
        "Ceriotti GTOC-style MGA chain optimisation (2010)",
        "Vasile-Campagnola MGA-DSM tour optimisation (2009)",
        "Diehl-Kaplan-Penzo / D'Amario-Byrnes Galileo design (1983, pre-Challenger)",
        "D'Amario-Bright-Wolf Galileo VEEGA flown trajectory (1992)",
        "Tito-MacCallum 2018 Mars free-return mission design (2013)",
        "Gurfil-Kasdin 2002 geocentric ER3BP orbit-family catalogue",
        "Sun-Earth co-orbital quasi-satellite / horseshoe dynamics (Cruithne, Kamo'oalewa)",
        "Henon Sun-Earth distant retrograde orbit family f (foundational)"
      ],
      "ready_for_literature_check": true
    },
    {
      "cluster_rank": 7,
      "population_index": 31,
      "ga_genome": [
        0.003951955699749059,
        0.0,
        0.019224372827222735,
        0.0,
        0.019056894274564893,
        0.0,
        2.356952501743888
      ],
      "ga_fitness": 0.9997476620497834,
      "drift": {
        "bounded": false,
        "growth_ratio": Infinity,
        "trend_fraction": Infinity,
        "terminated_early": true,
        "termination_reason": "escape",
        "n_windows_complete": 3
      },
      "family_matches": [],
      "ready_for_literature_check": false
    },
    {
      "cluster_rank": 8,
      "population_index": 27,
      "ga_genome": [
        0.003884998810454648,
        0.0,
        0.02113459569418328,
        0.0,
        0.017632441896510996,
        0.0,
        2.942174139510377
      ],
      "ga_fitness": 0.9997420287154696,
      "drift": {
        "bounded": false,
        "growth_ratio": Infinity,
        "trend_fraction": Infinity,
        "terminated_early": true,
        "termination_reason": "escape",
        "n_windows_complete": 3
      },
      "family_matches": [],
      "ready_for_literature_check": false
    },
    {
      "cluster_rank": 9,
      "population_index": 39,
      "ga_genome": [
        0.004335235001415149,
        0.0,
        0.02055669505284777,
        0.0,
        0.013670545724388503,
        0.0,
        2.896155720887814
      ],
      "ga_fitness": 0.9996877188784752,
      "drift": {
        "bounded": false,
        "growth_ratio": Infinity,
        "trend_fraction": Infinity,
        "terminated_early": true,
        "termination_reason": "escape",
        "n_windows_complete": 4
      },
      "family_matches": [],